<mxGraphModel dx="800" dy="800" grid="1" guides="1" tooltips="1" connect="1" fold="1" page="1" pageScale="1" pageWidth="826" pageHeight="1169" style="default-style2"><root><mxCell id="0"/><mxCell id="1" parent="0"/><mxCell id="2" value="" style="whiteSpace=wrap;gradientColor=#00FFD5" vertex="1" parent="1"><mxGeometry x="10" y="10" width="810" height="530" as="geometry"/></mxCell><mxCell id="3" value="TotalFlow Android Application" style="text;spacingTop=-5;fontFamily=Georgia;fontSize=28;fontStyle=1" vertex="1" parent="1"><mxGeometry x="187.5" y="30" width="455" height="40" as="geometry"/></mxCell><mxCell id="4" value="Session Manager" style="rounded=1;whiteSpace=wrap;gradientColor=#F19C99;fontFamily=Georgia;fontSize=24" vertex="1" parent="1"><mxGeometry x="100" y="90" width="240" height="160" as="geometry"/></mxCell><mxCell id="5" value="File Manager" style="rounded=1;whiteSpace=wrap;gradientColor=#F19C99;fontFamily=Georgia;fontSize=24" vertex="1" parent="1"><mxGeometry x="490" y="90" width="240" height="160" as="geometry"/></mxCell><mxCell id="6" value="" style="rounded=1;whiteSpace=wrap;gradientColor=#F19C99;fontFamily=Georgia;fontSize=24" vertex="1" parent="1"><mxGeometry x="50" y="330" width="740" height="180" as="geometry"/></mxCell><mxCell id="7" value="Data Interface" style="rounded=1;whiteSpace=wrap;gradientColor=#A9C4EB;fontFamily=Georgia;fontSize=18" vertex="1" parent="1"><mxGeometry x="68" y="380" width="150" height="100" as="geometry"/></mxCell><mxCell id="8" value="Startup" style="rounded=1;whiteSpace=wrap;gradientColor=#A9C4EB;fontFamily=Georgia;fontSize=18" vertex="1" parent="1"><mxGeometry x="250" y="381" width="150" height="100" as="geometry"/></mxCell><mxCell id="9" value="Configuration" style="rounded=1;whiteSpace=wrap;gradientColor=#A9C4EB;fontFamily=Georgia;fontSize=18" vertex="1" parent="1"><mxGeometry x="430" y="381" width="150" height="100" as="geometry"/></mxCell><mxCell id="10" value="Communication" style="rounded=1;whiteSpace=wrap;gradientColor=#A9C4EB;fontFamily=Georgia;fontSize=18" vertex="1" parent="1"><mxGeometry x="610" y="381" width="150" height="100" as="geometry"/></mxCell><mxCell id="11" value="Adaptation Layer" style="text;spacingTop=-5;fontFamily=Georgia;fontSize=28;fontStyle=1" vertex="1" parent="1"><mxGeometry x="290" y="333" width="260" height="40" as="geometry"/></mxCell></root></mxGraphModel>