<mxGraphModel dx="800" dy="800" grid="1" guides="1" tooltips="1" connect="1" fold="1" page="1" pageScale="1" pageWidth="826" pageHeight="1169" style="default-style2"><root><mxCell id="0"/><mxCell id="1" parent="0"/><mxCell id="57" value="" style="edgeStyle=none;" edge="1" parent="1"><mxGeometry width="100" height="100" relative="1" as="geometry"><mxPoint x="170" y="567.5" as="sourcePoint"/><mxPoint x="170" y="663" as="targetPoint"/></mxGeometry></mxCell><mxCell id="53" value="" style="edgeStyle=none;" edge="1" parent="1"><mxGeometry width="100" height="100" relative="1" as="geometry"><mxPoint x="296.5" y="667.75" as="sourcePoint"/><mxPoint x="296.25" y="752.5" as="targetPoint"/></mxGeometry></mxCell><mxCell id="48" value="" style="shape=mxgraph.flowchart.process;fillColor=#ffffff;strokeColor=#000000;strokeWidth=2;gradientColor=#FFCC99" vertex="1" parent="1"><mxGeometry x="289" y="632.5" width="100" height="41" as="geometry"/></mxCell><mxCell id="50" value="" style="shape=mxgraph.flowchart.process;fillColor=#ffffff;strokeColor=#000000;strokeWidth=2;gradientColor=#FFCC99" vertex="1" parent="1"><mxGeometry x="410" y="755.5" width="120" height="41" as="geometry"/></mxCell><mxCell id="46" value="" style="shape=mxgraph.flowchart.process;fillColor=#ffffff;strokeColor=#000000;strokeWidth=2;gradientColor=#FFCC99" vertex="1" parent="1"><mxGeometry x="150" y="531.5" width="100" height="41" as="geometry"/></mxCell><mxCell id="32" value="" style="shape=mxgraph.flowchart.process;fillColor=#ffffff;strokeColor=#000000;strokeWidth=2;gradientColor=#FFCC99" vertex="1" parent="1"><mxGeometry x="548" y="436" width="120" height="38" as="geometry"/></mxCell><mxCell id="3" value="" style="edgeStyle=none" edge="1" parent="1"><mxGeometry width="100" height="100" relative="1" as="geometry"><mxPoint x="409.5" y="73" as="sourcePoint"/><mxPoint x="410" y="143" as="targetPoint"/></mxGeometry></mxCell><mxCell id="2" value="Bluetooth Launch" style="shape=mxgraph.flowchart.start_1;fillColor=#ffffff;strokeColor=#000000;strokeWidth=2;gradientColor=#99CCFF;fontFamily=Georgia" vertex="1" parent="1"><mxGeometry x="350" y="23" width="120" height="70" as="geometry"/></mxCell><mxCell id="5" value="" style="edgeStyle=none" edge="1" parent="1"><mxGeometry width="100" height="100" relative="1" as="geometry"><mxPoint x="409.5" y="173" as="sourcePoint"/><mxPoint x="410" y="233" as="targetPoint"/></mxGeometry></mxCell><mxCell id="8" value="Broadcast Reciever" style="text;spacingTop=-5;" vertex="1" parent="1"><mxGeometry x="550" y="223" width="105" height="20" as="geometry"/></mxCell><mxCell id="9" value="CreateBluetoothDeviceList()" style="text;spacingTop=-5;" vertex="1" parent="1"><mxGeometry x="530" y="203" width="150" height="20" as="geometry"/></mxCell><mxCell id="10" value="" style="curved=1;exitX=1;exitY=0.5" edge="1" parent="1" source="4" target="9"><mxGeometry width="100" height="100" relative="1" as="geometry"><mxPoint x="510" y="203" as="sourcePoint"/><mxPoint x="590" y="193" as="targetPoint"/><Array as="points"><mxPoint x="520" y="160"/><mxPoint x="560" y="160"/></Array></mxGeometry></mxCell><mxCell id="11" value="" style="curved=1;exitX=0.5;exitY=1" edge="1" parent="1" source="8"><mxGeometry width="100" height="100" relative="1" as="geometry"><mxPoint x="620" y="253" as="sourcePoint"/><mxPoint x="490" y="273" as="targetPoint"/><Array as="points"><mxPoint x="580" y="273"/><mxPoint x="550" y="273"/></Array></mxGeometry></mxCell><mxCell id="13" value="" style="edgeStyle=none" edge="1" parent="1"><mxGeometry width="100" height="100" relative="1" as="geometry"><mxPoint x="409" y="263" as="sourcePoint"/><mxPoint x="409.5" y="323" as="targetPoint"/></mxGeometry></mxCell><mxCell id="6" value="Bluetooth Device List" style="shape=mxgraph.flowchart.start_1;fillColor=#ffffff;strokeColor=#000000;strokeWidth=2;gradientColor=#99CCFF;fontFamily=Georgia" vertex="1" parent="1"><mxGeometry x="340" y="236" width="140" height="70" as="geometry"/></mxCell><mxCell id="16" value="" style="edgeStyle=none" edge="1" parent="1"><mxGeometry width="100" height="100" relative="1" as="geometry"><mxPoint x="408.5" y="363" as="sourcePoint"/><mxPoint x="409" y="433" as="targetPoint"/></mxGeometry></mxCell><mxCell id="12" value="Device&#xa;Selected" style="shape=mxgraph.flowchart.start_1;fillColor=#ffffff;strokeColor=#000000;strokeWidth=2;gradientColor=#99CCFF;fontFamily=Georgia" vertex="1" parent="1"><mxGeometry x="365" y="323" width="90" height="57" as="geometry"/></mxCell><mxCell id="18" value="BluetoothSPP Port = new Bluetooth spp (device);" style="text;spacingTop=-5;" vertex="1" parent="1"><mxGeometry x="517.5" y="542" width="268.5" height="20" as="geometry"/></mxCell><mxCell id="20" value="" style="shape=mxgraph.flowchart.process;fillColor=#ffffff;strokeColor=#000000;strokeWidth=2;gradientColor=#FFCC99" vertex="1" parent="1"><mxGeometry x="330.5" y="143.5" width="170" height="33" as="geometry"/></mxCell><mxCell id="4" value="BluetoothLoginScreen.java" style="text;spacingTop=-5;fontFamily=Georgia" vertex="1" parent="1"><mxGeometry x="339" y="150" width="150" height="20" as="geometry"/></mxCell><mxCell id="21" value="" style="shape=mxgraph.flowchart.process;fillColor=#ffffff;strokeColor=#000000;strokeWidth=2;gradientColor=#FFCC99" vertex="1" parent="1"><mxGeometry x="350" y="435" width="120" height="38" as="geometry"/></mxCell><mxCell id="19" value="xfProtocol.java" style="text;spacingTop=-5;fontFamily=Georgia" vertex="1" parent="1"><mxGeometry x="566.75" y="444" width="85" height="20" as="geometry"/></mxCell><mxCell id="15" value="LoadG4Data.java" style="text;spacingTop=-5;fontFamily=Georgia" vertex="1" parent="1"><mxGeometry x="363" y="442" width="95" height="20" as="geometry"/></mxCell><mxCell id="22" value="Port.Connect();" style="text;spacingTop=-5;fontFamily=Georgia" vertex="1" parent="1"><mxGeometry x="156" y="542" width="88.5" height="20" as="geometry"/></mxCell><mxCell id="30" value="" style="shape=mxgraph.flowchart.annotation_2;fillColor=#ffffff;strokeColor=#000000;strokeWidth=2" vertex="1" parent="1"><mxGeometry x="465" y="537" width="100" height="26" as="geometry"/></mxCell><mxCell id="33" value="" style="edgeStyle=none;exitX=1;exitY=0.5;exitPerimeter=0;" edge="1" parent="1" source="21" target="32"><mxGeometry width="100" height="100" relative="1" as="geometry"><mxPoint x="549.5" y="392" as="sourcePoint"/><mxPoint x="550" y="462" as="targetPoint"/></mxGeometry></mxCell><mxCell id="37" value="" style="edgeStyle=none;" edge="1" parent="1" source="32"><mxGeometry width="100" height="100" relative="1" as="geometry"><mxPoint x="592" y="474" as="sourcePoint"/><mxPoint x="608" y="533" as="targetPoint"/></mxGeometry></mxCell><mxCell id="38" value="" style="edgeStyle=none;" edge="1" parent="1"><mxGeometry width="100" height="100" relative="1" as="geometry"><mxPoint x="340" y="553" as="sourcePoint"/><mxPoint x="250" y="553" as="targetPoint"/></mxGeometry></mxCell><mxCell id="39" value="" style="edgeStyle=none;" edge="1" parent="1"><mxGeometry width="100" height="100" relative="1" as="geometry"><mxPoint x="360" y="573" as="sourcePoint"/><mxPoint x="360" y="633" as="targetPoint"/></mxGeometry></mxCell><mxCell id="40" value="" style="edgeStyle=none;" edge="1" parent="1"><mxGeometry width="100" height="100" relative="1" as="geometry"><mxPoint x="413" y="565" as="sourcePoint"/><mxPoint x="411" y="697" as="targetPoint"/></mxGeometry></mxCell><mxCell id="41" value="" style="edgeStyle=none;" edge="1" parent="1"><mxGeometry width="100" height="100" relative="1" as="geometry"><mxPoint x="457" y="573" as="sourcePoint"/><mxPoint x="457" y="753" as="targetPoint"/></mxGeometry></mxCell><mxCell id="47" value="" style="shape=mxgraph.flowchart.process;fillColor=#ffffff;strokeColor=#000000;strokeWidth=2;gradientColor=#FFCC99" vertex="1" parent="1"><mxGeometry x="328" y="699.5" width="122" height="41" as="geometry"/></mxCell><mxCell id="23" value="Port.Write();" style="text;spacingTop=-5;fontFamily=Georgia" vertex="1" parent="1"><mxGeometry x="304.75" y="643" width="68.5" height="20" as="geometry"/></mxCell><mxCell id="25" value="Port.ReadLocal();" style="text;spacingTop=-5;fontFamily=Georgia" vertex="1" parent="1"><mxGeometry x="336" y="703" width="68.5" height="20" as="geometry"/></mxCell><mxCell id="42" value="Port.ReadRemote();" style="text;spacingTop=-5;fontFamily=Georgia" vertex="1" parent="1"><mxGeometry x="332" y="720" width="68.5" height="20" as="geometry"/></mxCell><mxCell id="24" value="Port.Disconnect();" style="text;spacingTop=-5;fontFamily=Georgia" vertex="1" parent="1"><mxGeometry x="415.25" y="766" width="114.75" height="20" as="geometry"/></mxCell><mxCell id="31" value="BluetoothSPP.java" style="shape=mxgraph.flowchart.process;fillColor=#ffffff;strokeColor=#000000;strokeWidth=2;gradientColor=#FFCC99;fontFamily=Georgia" vertex="1" parent="1"><mxGeometry x="349.25" y="533" width="120" height="38" as="geometry"/></mxCell><mxCell id="51" value="" style="edgeStyle=none;" edge="1" parent="1" target="54"><mxGeometry width="100" height="100" relative="1" as="geometry"><mxPoint x="500" y="796.5" as="sourcePoint"/><mxPoint x="500" y="883" as="targetPoint"/></mxGeometry></mxCell><mxCell id="52" value="" style="edgeStyle=none;" edge="1" parent="1"><mxGeometry width="100" height="100" relative="1" as="geometry"><mxPoint x="381.5" y="740.5" as="sourcePoint"/><mxPoint x="380" y="833" as="targetPoint"/></mxGeometry></mxCell><mxCell id="54" value="Closes&#xa;Connection" style="shape=mxgraph.flowchart.start_1;fillColor=#ffffff;strokeColor=#000000;strokeWidth=2;gradientColor=#99CCFF" vertex="1" parent="1"><mxGeometry x="455" y="892" width="90" height="57" as="geometry"/></mxCell><mxCell id="55" value="Input&#xa;Information" style="shape=mxgraph.flowchart.start_1;fillColor=#ffffff;strokeColor=#000000;strokeWidth=2;gradientColor=#99CCFF" vertex="1" parent="1"><mxGeometry x="335.75" y="835" width="90" height="57" as="geometry"/></mxCell><mxCell id="56" value="Output&#xa;Information" style="shape=mxgraph.flowchart.start_1;fillColor=#ffffff;strokeColor=#000000;strokeWidth=2;gradientColor=#99CCFF" vertex="1" parent="1"><mxGeometry x="251.75" y="752.5" width="90" height="57" as="geometry"/></mxCell><mxCell id="58" value="Opens&#xa;Connection" style="shape=mxgraph.flowchart.start_1;fillColor=#ffffff;strokeColor=#000000;strokeWidth=2;gradientColor=#99CCFF" vertex="1" parent="1"><mxGeometry x="125" y="664" width="90" height="57" as="geometry"/></mxCell><mxCell id="59" value="2" style="ellipse;whiteSpace=wrap;gradientColor=#084975;fontColor=#FFFFFF" vertex="1" parent="1"><mxGeometry x="450" y="13" width="40" height="40" as="geometry"/></mxCell></root></mxGraphModel>