<mxGraphModel dx="1626" dy="800" grid="1" guides="1" tooltips="1" connect="1" fold="1" page="1" pageScale="1" pageWidth="826" pageHeight="1169" style="default-style2"><root><mxCell id="0"/><mxCell id="1" parent="0"/><mxCell id="2" value="Current Data UI - Architecture" style="swimlane;whiteSpace=wrap;gradientColor=#ABABAB" vertex="1" parent="1"><mxGeometry x="-820.2500000000002" y="9.999999999998844" width="900" height="1112.0000000000005" as="geometry"><mxRectangle x="-600" y="17.999999999999545" width="180" height="23" as="alternateBounds"/></mxGeometry></mxCell><mxCell id="3" value="" style="shape=ext;double=1;whiteSpace=wrap;fillColor=#CCCCCC" vertex="1" parent="2"><mxGeometry x="24.99999999999983" y="80.7500000000002" width="850" height="150" as="geometry"/></mxCell><mxCell id="4" value="Data View  UI" style="rounded=1;whiteSpace=wrap;gradientColor=#0D73B8;shadow=1;fontFamily=Georgia" vertex="1" parent="2"><mxGeometry x="383.5000000000001" y="64" width="130" height="40" as="geometry"/></mxCell><mxCell id="5" value="General" style="rounded=1;whiteSpace=wrap;gradientColor=#0D73B8;shadow=1;fontFamily=Georgia" vertex="1" parent="2"><mxGeometry x="657" y="153.49999999999955" width="170" height="30" as="geometry"/></mxCell><mxCell id="6" value="Settings" style="rounded=1;whiteSpace=wrap;gradientColor=#0D73B8;shadow=1;fontFamily=Georgia" vertex="1" parent="2"><mxGeometry x="720" y="60" width="128.2499999999999" height="41.50000000000003" as="geometry"/></mxCell><mxCell id="7" value="4" style="ellipse;whiteSpace=wrap;gradientColor=#084975;shadow=1;fontColor=#FFFFFF" vertex="1" parent="2"><mxGeometry x="500.4999999999998" y="37" width="40" height="40" as="geometry"/></mxCell><mxCell id="8" value="Tab" style="text;spacingTop=-5;" vertex="1" parent="2"><mxGeometry x="405.9999999999996" y="136.99999999999957" width="30" height="20" as="geometry"/></mxCell><mxCell id="9" value="Tab" style="text;spacingTop=-5;" vertex="1" parent="2"><mxGeometry x="796" y="137.49999999999957" width="30" height="20" as="geometry"/></mxCell><mxCell id="10" value="Tab" style="text;spacingTop=-5;" vertex="1" parent="2"><mxGeometry x="598.4999999999997" y="137.99999999999943" width="30" height="20" as="geometry"/></mxCell><mxCell id="11" value="" style="whiteSpace=wrap;fillColor=#CCCCCC" vertex="1" parent="2"><mxGeometry x="246.99999999999994" y="306.00000000000006" width="187.99999999999994" height="283.99999999999994" as="geometry"/></mxCell><mxCell id="12" value="Historical Data UI" style="rounded=1;whiteSpace=wrap;gradientColor=#0D73B8;shadow=1;fontFamily=Georgia" vertex="1" parent="2"><mxGeometry x="250.99999999999977" y="291.00000000000006" width="180.0000000000001" height="30" as="geometry"/></mxCell><mxCell id="13" value="" style="whiteSpace=wrap;fillColor=#CCCCCC" vertex="1" parent="2"><mxGeometry x="650.0000000000002" y="306.5000000000001" width="189.99999999999972" height="419.9999999999999" as="geometry"/></mxCell><mxCell id="14" value="" style="whiteSpace=wrap;fillColor=#CCCCCC" vertex="1" parent="2"><mxGeometry x="453.4999999999998" y="306" width="180" height="779.9999999999999" as="geometry"/></mxCell><mxCell id="15" value="Alarms UI" style="rounded=1;whiteSpace=wrap;gradientColor=#0D73B8;shadow=1;fontFamily=Georgia" vertex="1" parent="2"><mxGeometry x="463.49999999999955" y="291.49999999999994" width="165" height="30" as="geometry"/></mxCell><mxCell id="16" value="General UI" style="rounded=1;whiteSpace=wrap;gradientColor=#0D73B8;shadow=1;fontFamily=Georgia" vertex="1" parent="2"><mxGeometry x="660" y="291.00000000000006" width="170" height="30" as="geometry"/></mxCell><mxCell id="17" value="" style="whiteSpace=wrap;fillColor=#9AC7BF" vertex="1" parent="2"><mxGeometry x="262.00000000000006" y="336.00000000000006" width="159.99999999999994" height="233.99999999999994" as="geometry"/></mxCell><mxCell id="18" value="" style="edgeStyle=elbowEdgeStyle;elbow=horizontal;strokeColor=#FF3333;fontStyle=1" edge="1" parent="2"><mxGeometry width="100" height="100" relative="1" as="geometry"><mxPoint x="421.9999999999998" y="167.9999999999997" as="sourcePoint"/><mxPoint x="411.9999999999998" y="383.99999999999955" as="targetPoint"/><Array as="points"><mxPoint x="441.9999999999998" y="227.99999999999957"/></Array></mxGeometry></mxCell><mxCell id="19" value="Historical Data" style="rounded=1;whiteSpace=wrap;gradientColor=#0D73B8;shadow=1;fontFamily=Georgia" vertex="1" parent="2"><mxGeometry x="252.9999999999996" y="152.99999999999955" width="180" height="30" as="geometry"/></mxCell><mxCell id="20" value="Accordion List" style="text;spacingTop=-5;" vertex="1" parent="2"><mxGeometry x="340" y="337" width="30" height="20" as="geometry"/></mxCell><mxCell id="21" value="" style="whiteSpace=wrap;fillColor=#9AC7BF" vertex="1" parent="2"><mxGeometry x="667" y="336.00000000000006" width="163.00000000000006" height="379.99999999999994" as="geometry"/></mxCell><mxCell id="22" value="" style="whiteSpace=wrap;fillColor=#9AC7BF" vertex="1" parent="2"><mxGeometry x="466.9999999999998" y="335.9999999999999" width="156.5" height="740" as="geometry"/></mxCell><mxCell id="23" value="" style="edgeStyle=elbowEdgeStyle;elbow=horizontal;strokeColor=#FF3333" edge="1" parent="2"><mxGeometry width="100" height="100" relative="1" as="geometry"><mxPoint x="620.9999999999997" y="168.99999999999952" as="sourcePoint"/><mxPoint x="610.9999999999997" y="384.9999999999994" as="targetPoint"/><Array as="points"><mxPoint x="640.9999999999997" y="228.99999999999943"/></Array></mxGeometry></mxCell><mxCell id="24" value="" style="edgeStyle=elbowEdgeStyle;elbow=horizontal;strokeColor=#FF3333" edge="1" parent="2"><mxGeometry width="100" height="100" relative="1" as="geometry"><mxPoint x="828" y="168.49999999999963" as="sourcePoint"/><mxPoint x="818" y="384.4999999999995" as="targetPoint"/><Array as="points"><mxPoint x="847.9999999999999" y="228.49999999999955"/></Array></mxGeometry></mxCell><mxCell id="25" value="Alarms" style="rounded=1;whiteSpace=wrap;gradientColor=#0D73B8;shadow=1;fontFamily=Georgia" vertex="1" parent="2"><mxGeometry x="460.9999999999998" y="153.99999999999932" width="165" height="30" as="geometry"/></mxCell><mxCell id="26" value="List" style="text;spacingTop=-5;" vertex="1" parent="2"><mxGeometry x="796" y="336" width="30" height="20" as="geometry"/></mxCell><mxCell id="27" value="List" style="text;spacingTop=-5;" vertex="1" parent="2"><mxGeometry x="580.2500000000002" y="336.99999999999994" width="30" height="20" as="geometry"/></mxCell><mxCell id="28" value="Flow Rate" style="rounded=1;whiteSpace=wrap;gradientColor=#0D73B8;shadow=0;fontFamily=Georgia" vertex="1" parent="2"><mxGeometry x="694.2500000000002" y="365.9999999999993" width="110" height="30" as="geometry"/></mxCell><mxCell id="29" value="Volume" style="rounded=1;whiteSpace=wrap;gradientColor=#0D73B8;shadow=0;fontFamily=Georgia" vertex="1" parent="2"><mxGeometry x="694.25" y="409.00000000000017" width="110" height="30" as="geometry"/></mxCell><mxCell id="30" value="Energy" style="rounded=1;whiteSpace=wrap;gradientColor=#0D73B8;shadow=0;fontFamily=Georgia" vertex="1" parent="2"><mxGeometry x="692.75" y="451.99999999999994" width="110" height="30" as="geometry"/></mxCell><mxCell id="31" value="Differential Pressure" style="rounded=1;whiteSpace=wrap;gradientColor=#0D73B8;shadow=0;fontFamily=Georgia" vertex="1" parent="2"><mxGeometry x="694.2500000000001" y="495.9999999999999" width="110" height="35.00000000000017" as="geometry"/></mxCell><mxCell id="32" value="Charger Status" style="rounded=1;whiteSpace=wrap;gradientColor=#0D73B8;shadow=0;fontFamily=Georgia" vertex="1" parent="2"><mxGeometry x="693.7500000000002" y="586.9999999999998" width="110" height="30" as="geometry"/></mxCell><mxCell id="33" value="Battery Status" style="rounded=1;whiteSpace=wrap;gradientColor=#0D73B8;shadow=0;fontFamily=Georgia" vertex="1" parent="2"><mxGeometry x="694.2500000000002" y="544" width="110" height="30" as="geometry"/></mxCell><mxCell id="34" value="Differential Pressure" style="rounded=1;whiteSpace=wrap;gradientColor=#0D73B8;shadow=0;fontFamily=Georgia" vertex="1" parent="2"><mxGeometry x="291.00000000000006" y="464.75" width="110" height="95.25" as="geometry"/></mxCell><mxCell id="35" value="Flow Rate Limit" style="rounded=1;whiteSpace=wrap;gradientColor=#0D73B8;shadow=0;fontFamily=Georgia" vertex="1" parent="2"><mxGeometry x="489.7499999999999" y="365.99999999999926" width="110" height="30" as="geometry"/></mxCell><mxCell id="36" value="Temperature Limit" style="rounded=1;whiteSpace=wrap;gradientColor=#0D73B8;shadow=0;fontFamily=Georgia" vertex="1" parent="2"><mxGeometry x="489.4999999999999" y="408.5000000000001" width="110" height="30" as="geometry"/></mxCell><mxCell id="37" value="Back Flow" style="rounded=1;whiteSpace=wrap;gradientColor=#0D73B8;shadow=0;fontFamily=Georgia" vertex="1" parent="2"><mxGeometry x="488.4999999999998" y="574.9999999999994" width="110" height="30" as="geometry"/></mxCell><mxCell id="38" value="Zero Flow" style="rounded=1;whiteSpace=wrap;gradientColor=#0D73B8;shadow=0;fontFamily=Georgia" vertex="1" parent="2"><mxGeometry x="488.74999999999994" y="532.9999999999997" width="110" height="30" as="geometry"/></mxCell><mxCell id="39" value="Differential Pressure Limit" style="rounded=1;whiteSpace=wrap;gradientColor=#0D73B8;shadow=0;fontFamily=Georgia" vertex="1" parent="2"><mxGeometry x="488.5" y="488.9999999999999" width="110" height="34.49999999999966" as="geometry"/></mxCell><mxCell id="40" value="Static Pressure Limit" style="rounded=1;whiteSpace=wrap;gradientColor=#0D73B8;shadow=0;fontFamily=Georgia" vertex="1" parent="2"><mxGeometry x="488.74999999999994" y="448.9999999999999" width="110" height="30" as="geometry"/></mxCell><mxCell id="41" value="Contact Out" style="rounded=1;whiteSpace=wrap;gradientColor=#0D73B8;shadow=0;fontFamily=Georgia" vertex="1" parent="2"><mxGeometry x="488.7499999999999" y="660.9999999999998" width="110" height="30" as="geometry"/></mxCell><mxCell id="42" value="Remote Sense" style="rounded=1;whiteSpace=wrap;gradientColor=#0D73B8;shadow=0;fontFamily=Georgia" vertex="1" parent="2"><mxGeometry x="488.4999999999999" y="618" width="110" height="30" as="geometry"/></mxCell><mxCell id="43" value="Differential Pressure channel A/D" style="rounded=1;whiteSpace=wrap;gradientColor=#0D73B8;shadow=0;fontFamily=Georgia" vertex="1" parent="2"><mxGeometry x="489.49999999999983" y="796.0000000000001" width="110" height="49.999999999999886" as="geometry"/></mxCell><mxCell id="44" value="Static Pressure Channel A/D" style="rounded=1;whiteSpace=wrap;gradientColor=#0D73B8;shadow=0;fontFamily=Georgia" vertex="1" parent="2"><mxGeometry x="488.4999999999997" y="746" width="110" height="39.999999999999886" as="geometry"/></mxCell><mxCell id="45" value="Temperature Channel A/D" style="rounded=1;whiteSpace=wrap;gradientColor=#0D73B8;shadow=0;fontFamily=Georgia" vertex="1" parent="2"><mxGeometry x="489.4999999999998" y="704.4999999999999" width="110" height="31" as="geometry"/></mxCell><mxCell id="46" value="Low Charger" style="rounded=1;whiteSpace=wrap;gradientColor=#0D73B8;shadow=0;fontFamily=Georgia" vertex="1" parent="2"><mxGeometry x="489.7499999999998" y="855.9999999999998" width="110" height="30" as="geometry"/></mxCell><mxCell id="47" value="Low Lithium Battery" style="rounded=1;whiteSpace=wrap;gradientColor=#0D73B8;shadow=0;fontFamily=Georgia" vertex="1" parent="2"><mxGeometry x="489.74999999999983" y="896.0000000000001" width="110" height="30" as="geometry"/></mxCell><mxCell id="48" value="AIU / Analyzer Data not Recieved" style="rounded=1;whiteSpace=wrap;gradientColor=#0D73B8;shadow=0;fontFamily=Georgia" vertex="1" parent="2"><mxGeometry x="489.7499999999998" y="936.0000000000001" width="110" height="40.00000000000023" as="geometry"/></mxCell><mxCell id="49" value="NX19 Methane=1 / gravity=0" style="rounded=1;whiteSpace=wrap;gradientColor=#0D73B8;shadow=0;fontFamily=Georgia" vertex="1" parent="2"><mxGeometry x="489.7499999999998" y="985.9999999999999" width="110" height="40.00000000000023" as="geometry"/></mxCell><mxCell id="50" value="Calculation Error" style="rounded=1;whiteSpace=wrap;gradientColor=#0D73B8;shadow=0;fontFamily=Georgia" vertex="1" parent="2"><mxGeometry x="490.75" y="1036" width="110" height="30" as="geometry"/></mxCell><mxCell id="51" value="4b" style="ellipse;whiteSpace=wrap;gradientColor=#084975;shadow=0;fontColor=#FFFFFF" vertex="1" parent="2"><mxGeometry x="243.99999999999983" y="136.99999999999955" width="28.999999999999773" height="25.99999999999997" as="geometry"/></mxCell><mxCell id="52" value="4c" style="ellipse;whiteSpace=wrap;gradientColor=#084975;shadow=0;fontColor=#FFFFFF" vertex="1" parent="2"><mxGeometry x="454.5" y="138.99999999999935" width="28.999999999999773" height="25.99999999999997" as="geometry"/></mxCell><mxCell id="53" value="4d" style="ellipse;whiteSpace=wrap;gradientColor=#084975;shadow=0;fontColor=#FFFFFF" vertex="1" parent="2"><mxGeometry x="648.0000000000002" y="137.4999999999996" width="28.999999999999773" height="25.99999999999997" as="geometry"/></mxCell><mxCell id="54" value="Flow Rate" style="rounded=1;whiteSpace=wrap;gradientColor=#0D73B8;shadow=0;fontFamily=Georgia" vertex="1" parent="2"><mxGeometry x="291.0000000000002" y="370" width="110" height="80" as="geometry"/></mxCell><mxCell id="55" value="-Chart View" style="text;spacingTop=-5;" vertex="1" parent="2"><mxGeometry x="334.00000000000006" y="369.4999999999993" width="30" height="20" as="geometry"/></mxCell><mxCell id="56" value="Temperature" style="rounded=1;whiteSpace=wrap;gradientColor=#0D73B8;shadow=0;fontFamily=Georgia" vertex="1" parent="2"><mxGeometry x="694.2500000000002" y="673.75" width="110" height="30" as="geometry"/></mxCell><mxCell id="57" value="Static Pressure" style="rounded=1;whiteSpace=wrap;gradientColor=#0D73B8;shadow=0;fontFamily=Georgia" vertex="1" parent="2"><mxGeometry x="694.2500000000002" y="631" width="110" height="30" as="geometry"/></mxCell><mxCell id="58" value="Tubes" style="rounded=1;whiteSpace=wrap;gradientColor=#0D73B8;shadow=1;fontFamily=Georgia" vertex="1" parent="2"><mxGeometry x="45.999999999999936" y="154.99999999999926" width="170" height="30" as="geometry"/></mxCell><mxCell id="59" value="Tab" style="text;spacingTop=-5;" vertex="1" parent="2"><mxGeometry x="184.99999999999994" y="138.9999999999993" width="30" height="20" as="geometry"/></mxCell><mxCell id="60" value="" style="whiteSpace=wrap;fillColor=#CCCCCC" vertex="1" parent="2"><mxGeometry x="39.75000000000001" y="306.5000000000001" width="189.99999999999972" height="193.4999999999999" as="geometry"/></mxCell><mxCell id="61" value="" style="whiteSpace=wrap;fillColor=#9AC7BF" vertex="1" parent="2"><mxGeometry x="56.74999999999978" y="336.50000000000006" width="163.00000000000006" height="153.49999999999994" as="geometry"/></mxCell><mxCell id="62" value="List" style="text;spacingTop=-5;" vertex="1" parent="2"><mxGeometry x="185.74999999999977" y="336.5" width="30" height="20" as="geometry"/></mxCell><mxCell id="63" value="AGA3-1" style="rounded=1;whiteSpace=wrap;gradientColor=#0D73B8;shadow=0;fontFamily=Georgia" vertex="1" parent="2"><mxGeometry x="84" y="362.4999999999993" width="110" height="30" as="geometry"/></mxCell><mxCell id="64" value="AGA7-1" style="rounded=1;whiteSpace=wrap;gradientColor=#0D73B8;shadow=0;fontFamily=Georgia" vertex="1" parent="2"><mxGeometry x="83.99999999999977" y="445.50000000000017" width="110" height="30" as="geometry"/></mxCell><mxCell id="65" value="Tubes UI" style="rounded=1;whiteSpace=wrap;gradientColor=#0D73B8;shadow=1;fontFamily=Georgia" vertex="1" parent="2"><mxGeometry x="49.74999999999978" y="291.50000000000006" width="170" height="30" as="geometry"/></mxCell><mxCell id="66" value="" style="edgeStyle=elbowEdgeStyle;elbow=horizontal;strokeColor=#FF3333" edge="1" parent="2"><mxGeometry width="100" height="100" relative="1" as="geometry"><mxPoint x="216.99999999999994" y="169.99999999999937" as="sourcePoint"/><mxPoint x="206.99999999999994" y="385.99999999999926" as="targetPoint"/><Array as="points"><mxPoint x="236.99999999999983" y="229.99999999999926"/></Array></mxGeometry></mxCell><mxCell id="67" value="4a" style="ellipse;whiteSpace=wrap;gradientColor=#084975;shadow=0;fontColor=#FFFFFF" vertex="1" parent="2"><mxGeometry x="37.00000000000016" y="138.99999999999932" width="28.999999999999773" height="25.99999999999997" as="geometry"/></mxCell><mxCell id="68" value="5" style="ellipse;whiteSpace=wrap;gradientColor=#084975;shadow=1;fontColor=#FFFFFF" vertex="1" parent="2"><mxGeometry x="819.9999999999999" y="36.999999999999986" width="40" height="40" as="geometry"/></mxCell><mxCell id="69" value="-Excel List" style="text;spacingTop=-5;" vertex="1" parent="2"><mxGeometry x="333.99999999999994" y="381.99999999999926" width="30" height="20" as="geometry"/></mxCell><mxCell id="70" value="-Chart View" style="text;spacingTop=-5;" vertex="1" parent="2"><mxGeometry x="330.99999999999994" y="465.5000000000002" width="30" height="20" as="geometry"/></mxCell><mxCell id="71" value="-Excel List" style="text;spacingTop=-5;" vertex="1" parent="2"><mxGeometry x="331.99999999999994" y="476.9999999999999" width="30" height="20" as="geometry"/></mxCell><mxCell id="72" value="AGA3-2" style="rounded=1;whiteSpace=wrap;gradientColor=#0D73B8;shadow=0;fontFamily=Georgia" vertex="1" parent="1"><mxGeometry x="-736.2500000000005" y="413.49999999999903" width="110" height="30" as="geometry"/></mxCell></root></mxGraphModel>