<mxGraphModel dx="800" dy="800" grid="1" guides="1" tooltips="1" connect="1" fold="1" page="1" pageScale="1" pageWidth="826" pageHeight="1169" style="default-style2"><root><mxCell id="0"/><mxCell id="1" parent="0"/><mxCell id="4" value="Architecture - Android Communication" style="swimlane;whiteSpace=wrap;gradientColor=#8C8C8C" vertex="1" parent="1"><mxGeometry x="40" y="10" width="740" height="860" as="geometry"/></mxCell><mxCell id="6" value="Totalflow Android Application" style="rounded=1;whiteSpace=wrap;fontFamily=Georgia;gradientColor=#3FFF05" vertex="1" parent="4"><mxGeometry x="580" y="30" width="110" height="50" as="geometry"/></mxCell><mxCell id="7" value="" style="edgeStyle=none;endArrow=none;dashed=1;entryX=0;entryY=0.5" edge="1" parent="4" target="6"><mxGeometry width="100" height="100" relative="1" as="geometry"><mxPoint x="430" y="54.99999999999994" as="sourcePoint"/><mxPoint x="580" y="49.999999999999886" as="targetPoint"/></mxGeometry></mxCell><mxCell id="8" value="" style="rounded=1;whiteSpace=wrap;gradientColor=#138C00" vertex="1" parent="4"><mxGeometry x="30.000000000000057" y="130" width="680" height="190" as="geometry"/></mxCell><mxCell id="10" value="Window Manager" style="rounded=1;whiteSpace=wrap;fontFamily=Georgia;gradientColor=#1CD100" vertex="1" parent="4"><mxGeometry x="49.99999999999997" y="154.99999999999997" width="120.00000000000006" height="29.99999999999997" as="geometry"/></mxCell><mxCell id="9" value="Activity Manager" style="rounded=1;whiteSpace=wrap;fontFamily=Georgia;gradientColor=#1CD100" vertex="1" parent="4"><mxGeometry x="50" y="209.99999999999983" width="120" height="30" as="geometry"/></mxCell><mxCell id="11" value="Content Providers" style="rounded=1;whiteSpace=wrap;fontFamily=Georgia;gradientColor=#1CD100" vertex="1" parent="4"><mxGeometry x="569.9999999999999" y="155.0000000000002" width="120" height="29.999999999999858" as="geometry"/></mxCell><mxCell id="13" value="View Systems" style="rounded=1;whiteSpace=wrap;fontFamily=Georgia;gradientColor=#1CD100" vertex="1" parent="4"><mxGeometry x="50" y="270" width="120.00000000000003" height="29.99999999999997" as="geometry"/></mxCell><mxCell id="16" value="" style="line;direction=south" vertex="1" parent="4"><mxGeometry x="630.0000000000001" y="80.00000000000003" width="10" height="50" as="geometry"/></mxCell><mxCell id="17" value="" style="rounded=1;whiteSpace=wrap;gradientColor=#039967" vertex="1" parent="4"><mxGeometry x="30" y="380.0000000000001" width="680" height="190" as="geometry"/></mxCell><mxCell id="18" value="" style="line;rotation=15" vertex="1" parent="4"><mxGeometry x="169.82962913144553" y="186.29409522551282" width="99.99999999999983" height="10" as="geometry"/></mxCell><mxCell id="19" value="" style="line;rotation=0" vertex="1" parent="4"><mxGeometry x="170" y="219.99999999999986" width="100.00000000000006" height="10" as="geometry"/></mxCell><mxCell id="20" value="" style="line;rotation=-15" vertex="1" parent="4"><mxGeometry x="169.82962913144556" y="270.0000000000002" width="99.99999999999983" height="10" as="geometry"/></mxCell><mxCell id="21" value="" style="line;rotation=-15" vertex="1" parent="4"><mxGeometry x="470.0000000000003" y="179.99999999999997" width="99.99999999999983" height="10" as="geometry"/></mxCell><mxCell id="22" value="" style="line;rotation=0" vertex="1" parent="4"><mxGeometry x="480" y="219.99999999999994" width="100.00000000000006" height="10" as="geometry"/></mxCell><mxCell id="23" value="" style="line;rotation=15" vertex="1" parent="4"><mxGeometry x="480.0000000000001" y="265.0000000000002" width="99.99999999999983" height="10" as="geometry"/></mxCell><mxCell id="15" value="Application Framework" style="rounded=1;whiteSpace=wrap;fontFamily=Georgia;gradientColor=#1CD100" vertex="1" parent="4"><mxGeometry x="259.99999999999994" y="180" width="220" height="100" as="geometry"/></mxCell><mxCell id="12" value="Package Manager" style="rounded=1;whiteSpace=wrap;fontFamily=Georgia;gradientColor=#1CD100" vertex="1" parent="4"><mxGeometry x="570" y="209.99999999999991" width="120" height="29.99999999999983" as="geometry"/></mxCell><mxCell id="14" value="Telephony Manager" style="rounded=1;whiteSpace=wrap;fontFamily=Georgia;gradientColor=#1CD100" vertex="1" parent="4"><mxGeometry x="569.9999999999998" y="264.99999999999994" width="120.00000000000011" height="30.000000000000057" as="geometry"/></mxCell><mxCell id="25" value="" style="line;direction=south" vertex="1" parent="4"><mxGeometry x="630.0000000000001" y="320" width="10" height="60" as="geometry"/></mxCell><mxCell id="50" value="" style="rounded=1;whiteSpace=wrap;gradientColor=#037D9C" vertex="1" parent="4"><mxGeometry x="30.000000000000078" y="630" width="680" height="190.0000000000001" as="geometry"/></mxCell><mxCell id="52" value="" style="line;direction=south" vertex="1" parent="4"><mxGeometry x="630.0000000000003" y="570" width="10" height="60" as="geometry"/></mxCell><mxCell id="56" value="Power Management" style="rounded=1;whiteSpace=wrap;fontFamily=Georgia;gradientColor=#04A2C9" vertex="1" parent="4"><mxGeometry x="59.82962913144561" y="730" width="110.17037086855439" height="60" as="geometry"/></mxCell><mxCell id="55" value="Flash Memory Driver" style="rounded=1;whiteSpace=wrap;fontFamily=Georgia;gradientColor=#04A2C9" vertex="1" parent="4"><mxGeometry x="60.00000000000044" y="655.6944444444446" width="109.99999999999956" height="54.30555555555543" as="geometry"/></mxCell><mxCell id="60" value="Surface Manager" style="rounded=1;whiteSpace=wrap;fontFamily=Georgia;gradientColor=#04C987" vertex="1" parent="4"><mxGeometry x="50.000000000000135" y="395.0000000000001" width="119.99999999999986" height="34.999999999999886" as="geometry"/></mxCell><mxCell id="62" value="OpenGLIES" style="rounded=1;whiteSpace=wrap;fontFamily=Georgia;gradientColor=#04C987" vertex="1" parent="4"><mxGeometry x="49.829629131445415" y="500" width="120.17037086855458" height="39.999999999999886" as="geometry"/></mxCell><mxCell id="61" value="SGL" style="rounded=1;whiteSpace=wrap;fontFamily=Georgia;gradientColor=#04C987" vertex="1" parent="4"><mxGeometry x="50.000000000000014" y="450" width="119.99999999999999" height="35.000000000000114" as="geometry"/></mxCell><mxCell id="70" value="" style="line;rotation=15" vertex="1" parent="4"><mxGeometry x="170.0000000000002" y="420" width="99.99999999999983" height="10" as="geometry"/></mxCell><mxCell id="71" value="" style="line;rotation=15" vertex="1" parent="4"><mxGeometry x="479.99999999999966" y="519.9999999999999" width="99.99999999999983" height="10" as="geometry"/></mxCell><mxCell id="72" value="" style="line;rotation=15" vertex="1" parent="4"><mxGeometry x="169.82962913144556" y="687.0833333333336" width="99.99999999999983" height="10" as="geometry"/></mxCell><mxCell id="73" value="" style="line;rotation=15" vertex="1" parent="4"><mxGeometry x="479.99999999999955" y="769.9999999999998" width="99.99999999999983" height="10" as="geometry"/></mxCell><mxCell id="74" value="" style="line;rotation=0" vertex="1" parent="4"><mxGeometry x="170.00000000000026" y="465.0000000000001" width="100.00000000000006" height="10" as="geometry"/></mxCell><mxCell id="75" value="" style="line;rotation=0" vertex="1" parent="4"><mxGeometry x="479.9999999999993" y="490" width="100.00000000000006" height="10" as="geometry"/></mxCell><mxCell id="76" value="" style="line;rotation=0" vertex="1" parent="4"><mxGeometry x="479.99999999999943" y="449.9999999999999" width="100.00000000000006" height="10" as="geometry"/></mxCell><mxCell id="78" value="" style="line;rotation=0" vertex="1" parent="4"><mxGeometry x="479.99999999999943" y="739.9999999999994" width="100.00000000000006" height="10" as="geometry"/></mxCell><mxCell id="79" value="" style="line;rotation=0" vertex="1" parent="4"><mxGeometry x="479.9999999999999" y="704.9999999999998" width="100.00000000000006" height="10" as="geometry"/></mxCell><mxCell id="80" value="" style="line;rotation=-15" vertex="1" parent="4"><mxGeometry x="479.99999999999943" y="424.9999999999999" width="99.99999999999983" height="10" as="geometry"/></mxCell><mxCell id="81" value="" style="line;rotation=-15" vertex="1" parent="4"><mxGeometry x="169.82962913144547" y="509.9999999999999" width="99.99999999999983" height="10" as="geometry"/></mxCell><mxCell id="82" value="" style="line;rotation=-15" vertex="1" parent="4"><mxGeometry x="169.82962913144556" y="753.6111111111106" width="99.99999999999983" height="10" as="geometry"/></mxCell><mxCell id="83" value="" style="line;rotation=-15" vertex="1" parent="4"><mxGeometry x="479.9999999999993" y="677.8472222222221" width="99.99999999999983" height="10" as="geometry"/></mxCell><mxCell id="51" value="Linux Kernal" style="rounded=1;whiteSpace=wrap;fontFamily=Georgia;gradientColor=#04A2C9" vertex="1" parent="4"><mxGeometry x="259.99999999999983" y="675" width="220" height="100" as="geometry"/></mxCell><mxCell id="53" value="Display Driver" style="rounded=1;whiteSpace=wrap;fontFamily=Georgia;gradientColor=#04A2C9" vertex="1" parent="4"><mxGeometry x="570.0000000000005" y="779.9999999999998" width="109.99999999999983" height="18.611111111111086" as="geometry"/></mxCell><mxCell id="54" value="Keypad Driver" style="rounded=1;whiteSpace=wrap;fontFamily=Georgia;gradientColor=#04A2C9" vertex="1" parent="4"><mxGeometry x="569.9999999999994" y="739.9999999999995" width="109.99999999999983" height="18.611111111111086" as="geometry"/></mxCell><mxCell id="57" value="Bluetooth Driver" style="rounded=1;whiteSpace=wrap;fontFamily=Georgia;gradientColor=#04A2C9" vertex="1" parent="4"><mxGeometry x="569.9999999999994" y="700.6944444444443" width="109.99999999999983" height="18.611111111111086" as="geometry"/></mxCell><mxCell id="58" value="IPC Driver" style="rounded=1;whiteSpace=wrap;fontFamily=Georgia;gradientColor=#04A2C9" vertex="1" parent="4"><mxGeometry x="569.9999999999993" y="662.7777777777777" width="109.99999999999983" height="18.611111111111086" as="geometry"/></mxCell><mxCell id="65" value="FreeType" style="rounded=1;whiteSpace=wrap;fontFamily=Georgia;gradientColor=#04C987" vertex="1" parent="4"><mxGeometry x="570.0000000000003" y="525" width="120.00000000000003" height="29.99999999999997" as="geometry"/></mxCell><mxCell id="66" value="SQLite" style="rounded=1;whiteSpace=wrap;fontFamily=Georgia;gradientColor=#04C987" vertex="1" parent="4"><mxGeometry x="570.0000000000005" y="480.00000000000006" width="120.00000000000003" height="29.99999999999997" as="geometry"/></mxCell><mxCell id="64" value="SSL" style="rounded=1;whiteSpace=wrap;fontFamily=Georgia;gradientColor=#04C987" vertex="1" parent="4"><mxGeometry x="569.9999999999994" y="439.99999999999994" width="120.00000000000003" height="29.99999999999997" as="geometry"/></mxCell><mxCell id="68" value="Libc" style="rounded=1;whiteSpace=wrap;fontFamily=Georgia;gradientColor=#04C987" vertex="1" parent="4"><mxGeometry x="570.0000000000006" y="395.00000000000006" width="120.00000000000003" height="29.99999999999997" as="geometry"/></mxCell><mxCell id="24" value="Libraries" style="rounded=1;whiteSpace=wrap;fontFamily=Georgia;gradientColor=#04C987" vertex="1" parent="4"><mxGeometry x="260" y="424.9999999999999" width="220" height="100" as="geometry"/></mxCell><mxCell id="5" value="G4 Device" style="rounded=1;whiteSpace=wrap;fontFamily=Georgia;gradientColor=#FFB405" vertex="1" parent="4"><mxGeometry x="304.9999999999998" y="30.00000000000003" width="130" height="49.99999999999997" as="geometry"/></mxCell></root></mxGraphModel>