<mxGraphModel dx="800" dy="800" grid="1" guides="1" tooltips="1" connect="1" fold="1" page="1" pageScale="1" pageWidth="826" pageHeight="1169" style="default-style2"><root><mxCell id="0"/><mxCell id="1" parent="0"/><mxCell id="2" value="Architecture - G4 Communication" style="swimlane;whiteSpace=wrap;gradientColor=#8F8F8F" vertex="1" parent="1"><mxGeometry x="80" y="30" width="670" height="570" as="geometry"><mxRectangle x="80" y="30" width="90" height="23" as="alternateBounds"/></mxGeometry></mxCell><mxCell id="6" value="Serial port h/w" style="rounded=1;whiteSpace=wrap;fontFamily=Georgia;gradientColor=#FF1B0A" vertex="1" parent="2"><mxGeometry x="360" y="105.00000000000004" width="120" height="60" as="geometry"/></mxCell><mxCell id="7" value="USB port h/w" style="rounded=1;whiteSpace=wrap;fontFamily=Georgia;gradientColor=#FF270F" vertex="1" parent="2"><mxGeometry x="530" y="105.00000000000004" width="120" height="60" as="geometry"/></mxCell><mxCell id="8" value="Bluetooth" style="rounded=1;whiteSpace=wrap;fontFamily=Georgia;fillColor=#FFFFFF;gradientColor=#5789FF" vertex="1" parent="2"><mxGeometry x="530" y="45.00000000000005" width="120" height="30" as="geometry"/></mxCell><mxCell id="9" value="" style="line;direction=south" vertex="1" parent="2"><mxGeometry x="585.0000000000001" y="75.00000000000014" width="10" height="30" as="geometry"/></mxCell><mxCell id="10" value="" style="line;direction=south" vertex="1" parent="2"><mxGeometry x="585.0000000000001" y="165.00000000000009" width="10" height="30" as="geometry"/></mxCell><mxCell id="11" value="" style="line;direction=south" vertex="1" parent="2"><mxGeometry x="420.0000000000001" y="165.0000000000001" width="10" height="30" as="geometry"/></mxCell><mxCell id="12" value="" style="line;direction=south" vertex="1" parent="2"><mxGeometry x="245.00000000000017" y="165.00000000000017" width="10" height="30" as="geometry"/></mxCell><mxCell id="13" value="" style="line;direction=south" vertex="1" parent="2"><mxGeometry x="75.00000000000011" y="165.0000000000002" width="10" height="30" as="geometry"/></mxCell><mxCell id="14" value="Wifi driver" style="rounded=1;whiteSpace=wrap;fontFamily=Georgia;gradientColor=#FF1808" vertex="1" parent="2"><mxGeometry x="20.000000000000227" y="195.00000000000017" width="120" height="60" as="geometry"/></mxCell><mxCell id="15" value="Ethernet driver" style="rounded=1;whiteSpace=wrap;fontFamily=Georgia;gradientColor=#FF230A" vertex="1" parent="2"><mxGeometry x="190.0000000000001" y="195.00000000000023" width="120" height="60" as="geometry"/></mxCell><mxCell id="16" value="Serial driver" style="rounded=1;whiteSpace=wrap;fontFamily=Georgia;gradientColor=#FF1808" vertex="1" parent="2"><mxGeometry x="364.99999999999994" y="195.00000000000026" width="120" height="60" as="geometry"/></mxCell><mxCell id="17" value="USB driver" style="rounded=1;whiteSpace=wrap;fontFamily=Georgia;gradientColor=#FF1D0D" vertex="1" parent="2"><mxGeometry x="530" y="195.00000000000028" width="120" height="60" as="geometry"/></mxCell><mxCell id="18" value="" style="edgeStyle=none;endArrow=none;dashed=1;entryX=0;entryY=0.5" edge="1" parent="2" target="8"><mxGeometry width="100" height="100" relative="1" as="geometry"><mxPoint x="395.0144781144782" y="59.143063973064095" as="sourcePoint"/><mxPoint x="520" y="60.00000000000005" as="targetPoint"/></mxGeometry></mxCell><mxCell id="19" value="NDIS Wrapper Driver" style="rounded=1;whiteSpace=wrap;fontFamily=Georgia;gradientColor=#FF4400" vertex="1" parent="2"><mxGeometry x="20" y="285.00000000000006" width="630" height="60" as="geometry"/></mxCell><mxCell id="20" value="" style="line;direction=south" vertex="1" parent="2"><mxGeometry x="75.00000000000014" y="255" width="10" height="30" as="geometry"/></mxCell><mxCell id="21" value="" style="line;direction=south" vertex="1" parent="2"><mxGeometry x="245.00000000000023" y="255.00000000000006" width="10" height="30" as="geometry"/></mxCell><mxCell id="22" value="" style="line;direction=south" vertex="1" parent="2"><mxGeometry x="420.00000000000006" y="255.00000000000023" width="10" height="30" as="geometry"/></mxCell><mxCell id="23" value="" style="line;direction=south" vertex="1" parent="2"><mxGeometry x="585.0000000000001" y="254.99999999999983" width="10" height="30" as="geometry"/></mxCell><mxCell id="24" value="" style="rounded=1;whiteSpace=wrap;gradientColor=#FF7A05" vertex="1" parent="2"><mxGeometry x="20.000000000000195" y="375" width="629.9999999999998" height="180" as="geometry"/></mxCell><mxCell id="25" value="" style="line;direction=south" vertex="1" parent="2"><mxGeometry x="329.9999999999999" y="344.99999999999994" width="10" height="30" as="geometry"/></mxCell><mxCell id="26" value="I/O Scanner" style="rounded=1;whiteSpace=wrap;gradientColor=#FFB405" vertex="1" parent="2"><mxGeometry x="49.000000000000085" y="428.9999999999997" width="140" height="20" as="geometry"/></mxCell><mxCell id="27" value="System App" style="rounded=1;whiteSpace=wrap;gradientColor=#FFB405" vertex="1" parent="2"><mxGeometry x="49.99999999999993" y="478.9999999999997" width="140" height="20" as="geometry"/></mxCell><mxCell id="28" value="Communication App" style="rounded=1;whiteSpace=wrap;gradientColor=#FFB405" vertex="1" parent="2"><mxGeometry x="486.0000000000001" y="428.99999999999983" width="140" height="20" as="geometry"/></mxCell><mxCell id="29" value="AGA 3 App" style="rounded=1;whiteSpace=wrap;gradientColor=#FFB405" vertex="1" parent="2"><mxGeometry x="485.0000000000001" y="478.9999999999997" width="140" height="20" as="geometry"/></mxCell><mxCell id="30" value="" style="line" vertex="1" parent="2"><mxGeometry x="190.00000000000023" y="483.9999999999997" width="69.99999999999977" height="10" as="geometry"/></mxCell><mxCell id="31" value="" style="line" vertex="1" parent="2"><mxGeometry x="413.9103864524273" y="483.9999999999999" width="69.99999999999977" height="10" as="geometry"/></mxCell><mxCell id="32" value="" style="line" vertex="1" parent="2"><mxGeometry x="190.00000000000023" y="433.9999999999998" width="69.99999999999977" height="10" as="geometry"/></mxCell><mxCell id="33" value="" style="line" vertex="1" parent="2"><mxGeometry x="413.91038645242713" y="433.9999999999998" width="69.99999999999977" height="10" as="geometry"/></mxCell><mxCell id="34" value="G4 Device Framework" style="rounded=1;whiteSpace=wrap;fontFamily=Georgia;fontSize=14;gradientColor=#FF7A05" vertex="1" parent="2"><mxGeometry x="255.01447811447832" y="409.99999999999983" width="160" height="110" as="geometry"/></mxCell><mxCell id="36" value="" style="edgeStyle=none;endArrow=none;dashed=1;entryX=0;entryY=0.5" edge="1" parent="2"><mxGeometry width="100" height="100" relative="1" as="geometry"><mxPoint x="175.01447811447815" y="58.999999999999886" as="sourcePoint"/><mxPoint x="310" y="59.85693602693584" as="targetPoint"/></mxGeometry></mxCell><mxCell id="3" value="Android Device" style="rounded=1;whiteSpace=wrap;fillColor=#FFFFFF;gradientColor=#3FFF05;fontFamily=Georgia" vertex="1" parent="2"><mxGeometry x="275.01447811447815" y="32.49999999999993" width="120" height="55.00000000000006" as="geometry"/></mxCell><mxCell id="38" value="" style="line;direction=south;rotation=-30" vertex="1" parent="2"><mxGeometry x="201.5849364905389" y="75.91506350946119" width="15" height="34.999999999999915" as="geometry"/></mxCell><mxCell id="37" value="" style="line;direction=south;rotation=30" vertex="1" parent="2"><mxGeometry x="128.75000000000003" y="74.66506350946119" width="10" height="34.999999999999915" as="geometry"/></mxCell><mxCell id="35" value="TCP/IP" style="ellipse;shape=cloud;whiteSpace=wrap;fontFamily=Georgia" vertex="1" parent="2"><mxGeometry x="95" y="29.999999999999886" width="130" height="60" as="geometry"/></mxCell><mxCell id="5" value="Ethernet h/w" style="rounded=1;whiteSpace=wrap;fontFamily=Georgia;gradientColor=#FF2008" vertex="1" parent="2"><mxGeometry x="189.99999999999991" y="105.00000000000004" width="120" height="60" as="geometry"/></mxCell><mxCell id="4" value="Wifi radio h/w" style="rounded=1;whiteSpace=wrap;fontFamily=Georgia;gradientColor=#FF2B0A" vertex="1" parent="2"><mxGeometry x="20" y="105.00000000000004" width="120" height="60" as="geometry"/></mxCell></root></mxGraphModel>