<mxGraphModel dx="800" dy="800" grid="1" guides="1" tooltips="1" connect="1" fold="1" page="1" pageScale="1" pageWidth="826" pageHeight="1169" background="#EDEDED" style="default-style2"><root><mxCell id="0"/><mxCell id="1" parent="0"/><mxCell id="2" value="Operator UI - Screen Summary" style="swimlane;whiteSpace=wrap;gradientColor=#D1D1D1;fillColor=#CCCCCC" vertex="1" parent="1"><mxGeometry x="10" y="10" width="800" height="680" as="geometry"/></mxCell><mxCell id="3" value="Login" style="rounded=1;whiteSpace=wrap;gradientColor=#0D73B8;fontFamily=Georgia" vertex="1" parent="2"><mxGeometry x="20" y="70" width="170" height="50" as="geometry"/></mxCell><mxCell id="4" value="Home Screen" style="rounded=1;whiteSpace=wrap;gradientColor=#0D73B8;fontFamily=Georgia" vertex="1" parent="2"><mxGeometry x="215" y="70" width="170" height="50" as="geometry"/></mxCell><mxCell id="5" value="Current Data" style="rounded=1;whiteSpace=wrap;gradientColor=#0D73B8;fontFamily=Georgia" vertex="1" parent="2"><mxGeometry x="414" y="70" width="170" height="50" as="geometry"/></mxCell><mxCell id="6" value="Settings" style="rounded=1;whiteSpace=wrap;gradientColor=#0D73B8;fontFamily=Georgia" vertex="1" parent="2"><mxGeometry x="613" y="70" width="170" height="50" as="geometry"/></mxCell><mxCell id="7" value="Connect Options" style="rounded=1;whiteSpace=wrap;gradientColor=#0D73B8;fontFamily=Georgia" vertex="1" parent="2"><mxGeometry x="613" y="188" width="170" height="50" as="geometry"/></mxCell><mxCell id="8" value="General" style="rounded=1;whiteSpace=wrap;gradientColor=#0D73B8;fontFamily=Georgia" vertex="1" parent="2"><mxGeometry x="414" y="188" width="170" height="50" as="geometry"/></mxCell><mxCell id="12" value="Alarms" style="rounded=1;whiteSpace=wrap;gradientColor=#0D73B8;fontFamily=Georgia" vertex="1" parent="2"><mxGeometry x="215" y="188" width="170" height="50" as="geometry"/></mxCell><mxCell id="11" value="View Options" style="rounded=1;whiteSpace=wrap;gradientColor=#0D73B8;fontFamily=Georgia" vertex="1" parent="2"><mxGeometry x="215" y="310" width="170" height="50" as="geometry"/></mxCell><mxCell id="10" value="Files" style="rounded=1;whiteSpace=wrap;gradientColor=#0D73B8;fontFamily=Georgia" vertex="1" parent="2"><mxGeometry x="20" y="310" width="170" height="50" as="geometry"/></mxCell><mxCell id="9" value="Historical Data" style="rounded=1;whiteSpace=wrap;gradientColor=#0D73B8;fontFamily=Georgia" vertex="1" parent="2"><mxGeometry x="20" y="188" width="170" height="50" as="geometry"/></mxCell><mxCell id="13" value="1" style="ellipse;whiteSpace=wrap;gradientColor=#084975;fontColor=#FFFFFF;fontFamily=Georgia;fontSize=24;fontStyle=0" vertex="1" parent="2"><mxGeometry x="150" y="40" width="50" height="50" as="geometry"/></mxCell><mxCell id="22" value="10" style="ellipse;whiteSpace=wrap;gradientColor=#084975;fontFamily=Georgia;fontSize=24;fontColor=#FFFFFF" vertex="1" parent="2"><mxGeometry x="340" y="280" width="50" height="50" as="geometry"/></mxCell><mxCell id="21" value="9" style="ellipse;whiteSpace=wrap;gradientColor=#084975;fontFamily=Georgia;fontSize=24;fontColor=#FFFFFF" vertex="1" parent="2"><mxGeometry x="150" y="280" width="50" height="50" as="geometry"/></mxCell><mxCell id="20" value="8" style="ellipse;whiteSpace=wrap;gradientColor=#084975;fontFamily=Georgia;fontSize=24;fontColor=#FFFFFF" vertex="1" parent="2"><mxGeometry x="740" y="155" width="50" height="50" as="geometry"/></mxCell><mxCell id="19" value="7" style="ellipse;whiteSpace=wrap;gradientColor=#084975;fontFamily=Georgia;fontSize=24;fontColor=#FFFFFF" vertex="1" parent="2"><mxGeometry x="540" y="155" width="50" height="50" as="geometry"/></mxCell><mxCell id="18" value="6" style="ellipse;whiteSpace=wrap;gradientColor=#084975;fontFamily=Georgia;fontSize=24;fontColor=#FFFFFF" vertex="1" parent="2"><mxGeometry x="340" y="160" width="50" height="50" as="geometry"/></mxCell><mxCell id="17" value="5" style="ellipse;whiteSpace=wrap;gradientColor=#084975;fontFamily=Georgia;fontSize=24;fontColor=#FFFFFF" vertex="1" parent="2"><mxGeometry x="150" y="160" width="50" height="50" as="geometry"/></mxCell><mxCell id="16" value="4" style="ellipse;whiteSpace=wrap;gradientColor=#084975;fontFamily=Georgia;fontSize=24;fontColor=#FFFFFF" vertex="1" parent="2"><mxGeometry x="740" y="40" width="50" height="50" as="geometry"/></mxCell><mxCell id="15" value="3" style="ellipse;whiteSpace=wrap;gradientColor=#084975;fontFamily=Georgia;fontSize=24;fontColor=#FFFFFF" vertex="1" parent="2"><mxGeometry x="540" y="40" width="50" height="50" as="geometry"/></mxCell><mxCell id="14" value="2" style="ellipse;whiteSpace=wrap;gradientColor=#084975;fontFamily=Georgia;fontSize=24;fontColor=#FFFFFF" vertex="1" parent="2"><mxGeometry x="340" y="40" width="50" height="50" as="geometry"/></mxCell></root></mxGraphModel>