<mxGraphModel dx="800" dy="800" grid="1" guides="1" tooltips="1" connect="1" fold="1" page="1" pageScale="1" pageWidth="826" pageHeight="1169" style="default-style2"><root><mxCell id="0"/><mxCell id="1" parent="0"/><mxCell id="2" value="" style="shape=ext;double=1;rounded=1;whiteSpace=wrap;fillColor=#CCCCCC" vertex="1" parent="1"><mxGeometry x="70" y="274" width="690" height="95.00000000000003" as="geometry"/></mxCell><mxCell id="3" value="" style="shape=mxgraph.arrows.arrow_down;fillColor=#000000;strokeColor=#000000;strokeWidth=2;rotation=0" vertex="1" parent="1"><mxGeometry x="405" y="91.99999999999997" width="6.499999999999886" height="30.00000000000003" as="geometry"/></mxCell><mxCell id="4" value="" style="shape=mxgraph.basic.cross;fillColor=#000000;strokeColor=#000000;strokeWidth=2" vertex="1" parent="1"><mxGeometry x="398.4999999999999" y="57.00000000000017" width="20.000000000000057" height="19.999999999999815" as="geometry"/></mxCell><mxCell id="5" value="" style="shape=image;image=http://cdn5.iconfinder.com/data/icons/WPZOOM_Social_Networking_Icon_Set/64/android.png" vertex="1" parent="1"><mxGeometry x="432.7499999999999" y="49.00000000000006" width="40" height="40" as="geometry"/></mxCell><mxCell id="6" value="" style="shape=image;image=http://cdn2.iconfinder.com/data/icons/basicset/user_64.png" vertex="1" parent="1"><mxGeometry x="346.5000000000001" y="46.00000000000004" width="40" height="40" as="geometry"/></mxCell><mxCell id="7" value="" style="rounded=1;whiteSpace=wrap;fillColor=#99CCFF" vertex="1" parent="1"><mxGeometry x="100" y="288.99999999999994" width="120" height="60" as="geometry"/></mxCell><mxCell id="8" value="" style="rounded=1;whiteSpace=wrap;fillColor=#99CCFF" vertex="1" parent="1"><mxGeometry x="609.9999999999997" y="289.0000000000001" width="120" height="60" as="geometry"/></mxCell><mxCell id="9" value="Tab + List View" style="text;spacingTop=-5;align=center" vertex="1" parent="1"><mxGeometry x="120.00000000000001" y="289.0000000000001" width="84.86890011577407" height="20.275772885146466" as="geometry"/></mxCell><mxCell id="10" value="Tab + List View" style="text;spacingTop=-5;align=center" vertex="1" parent="1"><mxGeometry x="627.565549942113" y="289.0000000000002" width="84.86890011577407" height="20.275772885146466" as="geometry"/></mxCell><mxCell id="11" value="Data View" style="rounded=1;whiteSpace=wrap;shadow=0;gradientColor=#0D73B8;fontFamily=Georgia" vertex="1" parent="1"><mxGeometry x="110" y="311.27577288514664" width="100" height="20" as="geometry"/></mxCell><mxCell id="12" value="Settings" style="rounded=1;whiteSpace=wrap;gradientColor=#0D73B8;shadow=0;fontFamily=Georgia" vertex="1" parent="1"><mxGeometry x="620" y="311.50000000000006" width="100" height="20" as="geometry"/></mxCell><mxCell id="13" value="" style="edgeStyle=segmentEdgeStyle" edge="1" parent="1"><mxGeometry width="100" height="100" relative="1" as="geometry"><mxPoint x="720" y="319" as="sourcePoint"/><mxPoint x="730" y="239" as="targetPoint"/><Array as="points"><mxPoint x="770" y="319"/><mxPoint x="770" y="239"/></Array></mxGeometry></mxCell><mxCell id="14" value="" style="edgeStyle=segmentEdgeStyle" edge="1" parent="1"><mxGeometry width="100" height="100" relative="1" as="geometry"><mxPoint x="748.9999999999998" y="239.00000000000017" as="sourcePoint"/><mxPoint x="730" y="179" as="targetPoint"/><Array as="points"><mxPoint x="770" y="239"/><mxPoint x="770" y="179"/></Array></mxGeometry></mxCell><mxCell id="15" value="" style="edgeStyle=segmentEdgeStyle" edge="1" parent="1"><mxGeometry width="100" height="100" relative="1" as="geometry"><mxPoint x="748.9999999999995" y="179.00000000000017" as="sourcePoint"/><mxPoint x="729.9999999999998" y="119.00000000000006" as="targetPoint"/><Array as="points"><mxPoint x="769.9999999999998" y="179.00000000000006"/><mxPoint x="769.9999999999998" y="119.00000000000006"/></Array></mxGeometry></mxCell><mxCell id="16" value="" style="edgeStyle=segmentEdgeStyle" edge="1" parent="1"><mxGeometry width="100" height="100" relative="1" as="geometry"><mxPoint x="109.99999999999997" y="321.49999999999983" as="sourcePoint"/><mxPoint x="100" y="239" as="targetPoint"/><Array as="points"><mxPoint x="110" y="320"/><mxPoint x="60" y="320"/><mxPoint x="60" y="239"/></Array></mxGeometry></mxCell><mxCell id="17" value="" style="edgeStyle=elbowEdgeStyle;elbow=horizontal" edge="1" parent="1"><mxGeometry width="100" height="100" relative="1" as="geometry"><mxPoint x="80.00000000000004" y="238.99999999999991" as="sourcePoint"/><mxPoint x="100.00000000000004" y="178.99999999999991" as="targetPoint"/><Array as="points"><mxPoint x="60.00000000000004" y="228.99999999999991"/></Array></mxGeometry></mxCell><mxCell id="18" value="" style="edgeStyle=elbowEdgeStyle;elbow=horizontal" edge="1" parent="1"><mxGeometry width="100" height="100" relative="1" as="geometry"><mxPoint x="79.99999999999999" y="179.0000000000001" as="sourcePoint"/><mxPoint x="99.99999999999999" y="119.00000000000011" as="targetPoint"/><Array as="points"><mxPoint x="60.00000000000003" y="169.00000000000014"/></Array></mxGeometry></mxCell><mxCell id="19" value="UI Main" style="swimlane;whiteSpace=wrap;gradientColor=#999999" vertex="1" parent="1"><mxGeometry x="30" y="10" width="760" height="610" as="geometry"/></mxCell><mxCell id="20" value="" style="edgeStyle=segmentEdgeStyle" edge="1" parent="19"><mxGeometry width="100" height="100" relative="1" as="geometry"><mxPoint x="380.5" y="252.45065243669524" as="sourcePoint"/><mxPoint x="298" y="310" as="targetPoint"/><Array as="points"><mxPoint x="381" y="310"/></Array></mxGeometry></mxCell><mxCell id="21" value="General" style="rounded=1;whiteSpace=wrap;shadow=0;gradientColor=#FF3333;fontFamily=Georgia" vertex="1" parent="19"><mxGeometry x="69.00000000000009" y="100.00000000000024" width="100" height="20" as="geometry"/></mxCell><mxCell id="22" value="Alarms" style="rounded=1;whiteSpace=wrap;shadow=0;gradientColor=#FF3333;fontFamily=Georgia" vertex="1" parent="19"><mxGeometry x="68.99999999999994" y="159" width="100" height="20" as="geometry"/></mxCell><mxCell id="23" value="Historical Data" style="rounded=1;whiteSpace=wrap;shadow=0;gradientColor=#FF3333;fontFamily=Georgia" vertex="1" parent="19"><mxGeometry x="68.99999999999994" y="215.97483684659358" width="100" height="20" as="geometry"/></mxCell><mxCell id="24" value="Settings" style="rounded=1;whiteSpace=wrap;shadow=0;gradientColor=#0D73B8;fontFamily=Georgia" vertex="1" parent="19"><mxGeometry x="69.99999999999994" y="379.99999999999994" width="100" height="20" as="geometry"/></mxCell><mxCell id="25" value="View Options" style="rounded=1;whiteSpace=wrap;shadow=0;gradientColor=#FF3333;fontFamily=Georgia" vertex="1" parent="19"><mxGeometry x="599.9999999999997" y="217.00000000000009" width="100" height="20" as="geometry"/></mxCell><mxCell id="26" value="Files" style="rounded=1;whiteSpace=wrap;shadow=0;gradientColor=#FF3333;fontFamily=Georgia" vertex="1" parent="19"><mxGeometry x="599.9999999999995" y="159.00000000000014" width="100" height="20" as="geometry"/></mxCell><mxCell id="27" value="" style="shape=image;image=http://cdn2.iconfinder.com/data/icons/picol-vector/32/list-128.png" vertex="1" parent="19"><mxGeometry x="560.2625815767027" y="217.00000000000003" width="51.47483684659369" height="18.974836846593462" as="geometry"/></mxCell><mxCell id="28" value="" style="shape=image;image=http://cdn2.iconfinder.com/data/icons/picol-vector/32/list_numbered-128.png" vertex="1" parent="19"><mxGeometry x="172.99999999999994" y="100.00000000000021" width="20" height="21.000000000000114" as="geometry"/></mxCell><mxCell id="29" value="" style="shape=image;image=http://cdn3.iconfinder.com/data/icons/iconic-1/32/list_nested-128.png" vertex="1" parent="19"><mxGeometry x="166.5" y="214.97483684659338" width="35" height="21.000000000000114" as="geometry"/></mxCell><mxCell id="30" value="" style="shape=image;image=http://cdn3.iconfinder.com/data/icons/iconic-1/32/list_nested-128.png" vertex="1" parent="19"><mxGeometry x="565" y="158.99999999999994" width="35" height="21.000000000000114" as="geometry"/></mxCell><mxCell id="31" value="" style="shape=image;image=http://cdn3.iconfinder.com/data/icons/iconic-1/32/list_nested-128.png" vertex="1" parent="19"><mxGeometry x="166.5" y="157.99999999999994" width="35" height="21.000000000000114" as="geometry"/></mxCell><mxCell id="32" value="" style="shape=image;image=http://cdn3.iconfinder.com/data/icons/linecons-free-vector-icons-pack/32/settings-128.png" vertex="1" parent="19"><mxGeometry x="148.99999999999997" y="380.0000000000001" width="20" height="20" as="geometry"/></mxCell><mxCell id="33" value="" style="shape=image;image=http://cdn3.iconfinder.com/data/icons/linecons-free-vector-icons-pack/32/settings-128.png" vertex="1" parent="19"><mxGeometry x="670.0000000000002" y="301.2757728851466" width="20" height="20" as="geometry"/></mxCell><mxCell id="34" value="" style="shape=image;image=http://cdn3.iconfinder.com/data/icons/minimal/64x64/status/connect_creating.png" vertex="1" parent="19"><mxGeometry x="180.99999999999997" y="262.2757728851466" width="29.00000000000003" height="35.72422711485342" as="geometry"/></mxCell><mxCell id="35" value="" style="edgeStyle=elbowEdgeStyle;elbow=horizontal" edge="1" parent="19"><mxGeometry width="100" height="100" relative="1" as="geometry"><mxPoint x="49.49999999999997" y="310.27577288514647" as="sourcePoint"/><mxPoint x="70" y="389" as="targetPoint"/><Array as="points"><mxPoint x="29.500000000000014" y="300.27577288514647"/></Array></mxGeometry></mxCell><mxCell id="36" value="" style="arrow" edge="1" parent="19"><mxGeometry width="100" height="100" relative="1" as="geometry"><mxPoint x="169.99999999999994" y="390" as="sourcePoint"/><mxPoint x="510" y="390" as="targetPoint"/></mxGeometry></mxCell><mxCell id="37" value="" style="whiteSpace=wrap;fillColor=#A9C4EB" vertex="1" parent="19"><mxGeometry x="573.3593749999998" y="429.25106397648733" width="166.64062500000023" height="170.74893602351267" as="geometry"/></mxCell><mxCell id="38" value="" style="shape=image;image=http://cdn2.iconfinder.com/data/icons/picol-vector/32/list_numbered-128.png" vertex="1" parent="19"><mxGeometry x="577" y="439.99999999999994" width="17" height="20.000000000000057" as="geometry"/></mxCell><mxCell id="39" value="" style="shape=image;image=http://cdn3.iconfinder.com/data/icons/iconic-1/32/list_nested-128.png" vertex="1" parent="19"><mxGeometry x="579.2625815767028" y="468.9999999999999" width="15.737418423297186" height="18.000000000000114" as="geometry"/></mxCell><mxCell id="40" value="" style="shape=image;image=http://cdn2.iconfinder.com/data/icons/picol-vector/32/list-128.png" vertex="1" parent="19"><mxGeometry x="567.0907130955194" y="494.6255319882436" width="41.90928690448061" height="17.37446801175639" as="geometry"/></mxCell><mxCell id="41" value="- List" style="text;spacingTop=-5;" vertex="1" parent="19"><mxGeometry x="605.9999999999999" y="440" width="30" height="20" as="geometry"/></mxCell><mxCell id="42" value="- Accordion List" style="text;spacingTop=-5;" vertex="1" parent="19"><mxGeometry x="604.9999999999999" y="467.99999999999994" width="30" height="20" as="geometry"/></mxCell><mxCell id="43" value="- Check Box" style="text;spacingTop=-5;" vertex="1" parent="19"><mxGeometry x="604.9999999999999" y="492.6255319882438" width="30" height="20" as="geometry"/></mxCell><mxCell id="44" value="" style="shape=image;image=http://cdn3.iconfinder.com/data/icons/minimal/64x64/status/connect_creating.png" vertex="1" parent="19"><mxGeometry x="578.4999999999997" y="521" width="24.50000000000034" height="20" as="geometry"/></mxCell><mxCell id="45" value="" style="shape=image;image=http://cdn3.iconfinder.com/data/icons/discovery/32x32/status/connect_no.png" vertex="1" parent="19"><mxGeometry x="579.2625815767029" y="550" width="20.737418423297072" height="20" as="geometry"/></mxCell><mxCell id="46" value="- Connected" style="text;spacingTop=-5;" vertex="1" parent="19"><mxGeometry x="604.6406249999997" y="522.6255319882439" width="30" height="20" as="geometry"/></mxCell><mxCell id="47" value="- Not Connected" style="text;spacingTop=-5;" vertex="1" parent="19"><mxGeometry x="605.9999999999998" y="549.9999999999998" width="30" height="20" as="geometry"/></mxCell><mxCell id="48" value="" style="edgeStyle=none;endArrow=none;dashed=1;exitX=1;exitY=0.5" edge="1" parent="19" source="51"><mxGeometry width="100" height="100" relative="1" as="geometry"><mxPoint x="440" y="230" as="sourcePoint"/><mxPoint x="600" y="110" as="targetPoint"/></mxGeometry></mxCell><mxCell id="49" value="Connection Selection" style="rounded=1;whiteSpace=wrap;shadow=1;gradientColor=#0D73B8;fontFamily=Georgia" vertex="1" parent="19"><mxGeometry x="325.1875" y="118" width="104.12499999999989" height="49" as="geometry"/></mxCell><mxCell id="50" value="" style="shape=image;image=http://cdn5.iconfinder.com/data/icons/iconsweets2/40/wifi_wireless_network.png;rotation=-180" vertex="1" parent="19"><mxGeometry x="347.875" y="153.00000000000023" width="57.25" height="84.00000000000045" as="geometry"/></mxCell><mxCell id="51" value="1" style="ellipse;whiteSpace=wrap;shadow=1;gradientColor=#084975;fontColor=#FFFFFF" vertex="1" parent="19"><mxGeometry x="415.2812500000003" y="106.5" width="26.562499999999716" height="23.000000000000114" as="geometry"/></mxCell><mxCell id="52" value="5" style="ellipse;whiteSpace=wrap;shadow=1;gradientColor=#084975;fontColor=#FFFFFF" vertex="1" parent="19"><mxGeometry x="626.7187500000002" y="327.5" width="26.562499999999716" height="23.000000000000114" as="geometry"/></mxCell><mxCell id="53" value="Re-Sync" style="rounded=1;whiteSpace=wrap;shadow=0;gradientColor=#0D73B8;fontFamily=Georgia" vertex="1" parent="19"><mxGeometry x="598.1406249999994" y="100.00000000000023" width="100" height="20" as="geometry"/></mxCell><mxCell id="54" value="" style="rounded=1;whiteSpace=wrap;shadow=1;gradientColor=#0D73B8;fontFamily=Georgia" vertex="1" parent="19"><mxGeometry x="274" y="219.27577288514658" width="200" height="62.22422711485342" as="geometry"/></mxCell><mxCell id="55" value="" style="shape=image;image=http://cdn1.iconfinder.com/data/icons/realistiK-new/128x128/apps/kbtobexclient.png" vertex="1" parent="19"><mxGeometry x="278.828125" y="231.00000000000063" width="40" height="40" as="geometry"/></mxCell><mxCell id="56" value="" style="shape=image;image=http://cdn4.iconfinder.com/data/icons/gnome-desktop-icons-png/PNG/64/Gnome-Network-Wireless-64.png" vertex="1" parent="19"><mxGeometry x="354.171875" y="229.08695040402017" width="50" height="40" as="geometry"/></mxCell><mxCell id="57" value="" style="shape=mxgraph.basic.cross;fillColor=#000000;strokeColor=#000000;strokeWidth=2" vertex="1" parent="19"><mxGeometry x="332.32812500000006" y="240.77577288514658" width="20.000000000000057" height="19.999999999999815" as="geometry"/></mxCell><mxCell id="58" value="2" style="ellipse;whiteSpace=wrap;shadow=1;gradientColor=#084975;fontColor=#FFFFFF" vertex="1" parent="19"><mxGeometry x="454.4687500000003" y="206.08695040402006" width="26.562499999999716" height="23.000000000000114" as="geometry"/></mxCell><mxCell id="59" value="4" style="ellipse;whiteSpace=wrap;shadow=0;gradientColor=#084975;fontColor=#FFFFFF" vertex="1" parent="19"><mxGeometry x="116.71875000000017" y="327.4999999999999" width="26.562499999999716" height="23.000000000000114" as="geometry"/></mxCell><mxCell id="60" value="" style="shape=image;image=http://cdn1.iconfinder.com/data/icons/google_jfk_icons_by_carlosjj/128/sync.png" vertex="1" parent="19"><mxGeometry x="578.4999999999995" y="84.00000000000034" width="39.281249999999886" height="25.999999999999943" as="geometry"/></mxCell><mxCell id="61" value="" style="shape=image;image=http://cdn3.iconfinder.com/data/icons/linecons-free-vector-icons-pack/32/settings-128.png" vertex="1" parent="19"><mxGeometry x="434.75" y="230.00000000000068" width="30" height="40.99999999999932" as="geometry"/></mxCell><mxCell id="62" value="" style="shape=mxgraph.basic.cross;fillColor=#000000;strokeColor=#000000;strokeWidth=2" vertex="1" parent="19"><mxGeometry x="404.17187500000006" y="240.77577288514658" width="20.000000000000057" height="19.999999999999815" as="geometry"/></mxCell><mxCell id="63" value="" style="edgeStyle=none" edge="1" parent="19"><mxGeometry width="100" height="100" relative="1" as="geometry"><mxPoint x="230" y="309" as="sourcePoint"/><mxPoint x="190" y="309" as="targetPoint"/></mxGeometry></mxCell><mxCell id="64" value="" style="shape=image;image=http://cdn3.iconfinder.com/data/icons/discovery/32x32/status/connect_no.png" vertex="1" parent="1"><mxGeometry x="591.565549942113" y="278.7757728851465" width="27.434450057887034" height="24.224227114853477" as="geometry"/></mxCell><mxCell id="65" value="Sync" style="rounded=1;whiteSpace=wrap;shadow=0;gradientColor=#0D73B8;fontFamily=Georgia" vertex="1" parent="1"><mxGeometry x="260" y="302" width="66.5" height="29.275772885146637" as="geometry"/></mxCell><mxCell id="66" value="3" style="ellipse;whiteSpace=wrap;shadow=0;gradientColor=#084975;fontColor=#FFFFFF" vertex="1" parent="1"><mxGeometry x="279.96875000000006" y="325.9999999999998" width="26.562499999999716" height="23.000000000000114" as="geometry"/></mxCell></root></mxGraphModel>