<mxGraphModel dx="800" dy="800" grid="1" guides="1" tooltips="1" connect="1" fold="1" page="1" pageScale="1" pageWidth="826" pageHeight="1169" style="default-style2"><root><mxCell id="0"/><mxCell id="1" parent="0"/><mxCell id="2" value="UI Sync - Architecture" style="swimlane;whiteSpace=wrap;gradientColor=#ABABAB" vertex="1" parent="1"><mxGeometry x="10" y="10" width="800" height="310" as="geometry"/></mxCell><mxCell id="3" value="" style="shape=ext;double=1;whiteSpace=wrap;fillColor=#CCCCCC" vertex="1" parent="2"><mxGeometry x="32" y="84" width="740" height="150" as="geometry"/></mxCell><mxCell id="4" value="Sync" style="rounded=1;whiteSpace=wrap;gradientColor=#0D73B8;shadow=1;fontFamily=Georgia;fontSize=14" vertex="1" parent="2"><mxGeometry x="340" y="64" width="130" height="40" as="geometry"/></mxCell><mxCell id="5" value="Connection Selection" style="rounded=1;whiteSpace=wrap;gradientColor=#0D73B8;shadow=1;fontFamily=Georgia;fontSize=14" vertex="1" parent="2"><mxGeometry x="565" y="143" width="170" height="67" as="geometry"/></mxCell><mxCell id="7" value="3" style="ellipse;whiteSpace=wrap;gradientColor=#084975;shadow=1;fontColor=#FFFFFF" vertex="1" parent="2"><mxGeometry x="449" y="37" width="40" height="40" as="geometry"/></mxCell><mxCell id="9" value="Page" style="text;spacingTop=-5;" vertex="1" parent="2"><mxGeometry x="700" y="144.00000000000003" width="30" height="20" as="geometry"/></mxCell><mxCell id="46" value="1" style="ellipse;whiteSpace=wrap;gradientColor=#084975;shadow=0;fontColor=#FFFFFF" vertex="1" parent="2"><mxGeometry x="555" y="125.5" width="28.999999999999886" height="26.999999999999986" as="geometry"/></mxCell><mxCell id="50" value="Loading Page..." style="text;spacingTop=-5;fontFamily=Georgia;fontSize=14" vertex="1" parent="2"><mxGeometry x="650" y="87" width="110" height="26" as="geometry"/></mxCell><mxCell id="19" value="Data View" style="rounded=1;whiteSpace=wrap;gradientColor=#0D73B8;shadow=1;fontFamily=Georgia;fontSize=14" vertex="1" parent="2"><mxGeometry x="78.99999999999989" y="143" width="180" height="70" as="geometry"/></mxCell><mxCell id="8" value="Page" style="text;spacingTop=-5;" vertex="1" parent="2"><mxGeometry x="212" y="145.50000000000003" width="30" height="20" as="geometry"/></mxCell><mxCell id="44" value="4" style="ellipse;whiteSpace=wrap;gradientColor=#084975;shadow=0;fontColor=#FFFFFF" vertex="1" parent="2"><mxGeometry x="64.49999999999997" y="129.50000000000006" width="28.999999999999886" height="26.999999999999986" as="geometry"/></mxCell><mxCell id="52" value="" style="shape=image;image=http://cdn1.iconfinder.com/data/icons/DarkGlass_Reworked/128x128/actions/camera_test.png" vertex="1" parent="2"><mxGeometry x="140" y="201" width="45" height="70" as="geometry"/></mxCell><mxCell id="51" value="" style="shape=image;image=http://cdn1.iconfinder.com/data/icons/nuvola2/48x48/actions/button_cancel.png" vertex="1" parent="2"><mxGeometry x="630.5" y="212.25" width="39" height="43.5" as="geometry"/></mxCell></root></mxGraphModel>