<mxGraphModel dx="800" dy="800" grid="1" guides="1" tooltips="1" connect="1" fold="1" page="1" pageScale="1" pageWidth="826" pageHeight="1169" style="default-style2"><root><mxCell id="0"/><mxCell id="1" parent="0"/><mxCell id="2" value="UI Settings - Architecture" style="swimlane;whiteSpace=wrap;gradientColor=#ABABAB" vertex="1" parent="1"><mxGeometry x="10" y="10" width="800" height="680" as="geometry"/></mxCell><mxCell id="3" value="" style="shape=ext;double=1;whiteSpace=wrap;fillColor=#CCCCCC" vertex="1" parent="2"><mxGeometry x="32" y="84" width="740" height="150" as="geometry"/></mxCell><mxCell id="4" value="Settings UI" style="rounded=1;whiteSpace=wrap;gradientColor=#0D73B8;shadow=1;fontFamily=Georgia" vertex="1" parent="2"><mxGeometry x="340" y="64" width="130" height="40" as="geometry"/></mxCell><mxCell id="5" value="View Options " style="rounded=1;whiteSpace=wrap;gradientColor=#0D73B8;shadow=1;fontFamily=Georgia" vertex="1" parent="2"><mxGeometry x="444" y="139" width="170" height="30" as="geometry"/></mxCell><mxCell id="6" value="Re-Sync" style="rounded=1;whiteSpace=wrap;gradientColor=#0D73B8;shadow=1;fontFamily=Georgia" vertex="1" parent="2"><mxGeometry x="635" y="60" width="125" height="42" as="geometry"/></mxCell><mxCell id="7" value="5" style="ellipse;whiteSpace=wrap;gradientColor=#084975;shadow=1;fontColor=#FFFFFF" vertex="1" parent="2"><mxGeometry x="454" y="37" width="40" height="40" as="geometry"/></mxCell><mxCell id="8" value="Tab" style="text;spacingTop=-5;" vertex="1" parent="2"><mxGeometry x="203" y="123.00000000000003" width="30" height="20" as="geometry"/></mxCell><mxCell id="9" value="Tab" style="text;spacingTop=-5;" vertex="1" parent="2"><mxGeometry x="584" y="123.00000000000003" width="30" height="20" as="geometry"/></mxCell><mxCell id="10" value="Tab" style="text;spacingTop=-5;" vertex="1" parent="2"><mxGeometry x="392.9999999999999" y="123.00000000000011" width="30" height="20" as="geometry"/></mxCell><mxCell id="11" value="" style="whiteSpace=wrap;fillColor=#CCCCCC" vertex="1" parent="2"><mxGeometry x="46.000000000000036" y="290.00000000000006" width="187.99999999999997" height="289.99999999999994" as="geometry"/></mxCell><mxCell id="12" value="System Options UI" style="rounded=1;whiteSpace=wrap;gradientColor=#0D73B8;shadow=1;fontFamily=Georgia" vertex="1" parent="2"><mxGeometry x="49.9999999999999" y="275.00000000000006" width="180.0000000000001" height="30" as="geometry"/></mxCell><mxCell id="13" value="" style="whiteSpace=wrap;fillColor=#CCCCCC" vertex="1" parent="2"><mxGeometry x="441.00000000000006" y="290.00000000000006" width="188.99999999999994" height="379.99999999999994" as="geometry"/></mxCell><mxCell id="14" value="" style="whiteSpace=wrap;fillColor=#CCCCCC" vertex="1" parent="2"><mxGeometry x="243.99999999999991" y="290.0000000000001" width="187.99999999999997" height="269.99999999999994" as="geometry"/></mxCell><mxCell id="15" value="Files UI" style="rounded=1;whiteSpace=wrap;gradientColor=#0D73B8;shadow=1;fontFamily=Georgia" vertex="1" parent="2"><mxGeometry x="257.5" y="275.00000000000006" width="165" height="30" as="geometry"/></mxCell><mxCell id="16" value="View Options  UI" style="rounded=1;whiteSpace=wrap;gradientColor=#0D73B8;shadow=1;fontFamily=Georgia" vertex="1" parent="2"><mxGeometry x="450" y="275.00000000000006" width="170" height="30" as="geometry"/></mxCell><mxCell id="17" value="" style="whiteSpace=wrap;fillColor=#9AC7BF" vertex="1" parent="2"><mxGeometry x="61.00000000000018" y="320.00000000000006" width="159.99999999999994" height="249.99999999999994" as="geometry"/></mxCell><mxCell id="18" value="" style="edgeStyle=elbowEdgeStyle;elbow=horizontal;strokeColor=#FF3333;fontStyle=1" edge="1" parent="2"><mxGeometry width="100" height="100" relative="1" as="geometry"><mxPoint x="219.00000000000017" y="154.00000000000014" as="sourcePoint"/><mxPoint x="209.00000000000017" y="370" as="targetPoint"/><Array as="points"><mxPoint x="239.00000000000017" y="214.00000000000003"/></Array></mxGeometry></mxCell><mxCell id="19" value="System Options" style="rounded=1;whiteSpace=wrap;gradientColor=#0D73B8;shadow=1;fontFamily=Georgia" vertex="1" parent="2"><mxGeometry x="50" y="139" width="180" height="30" as="geometry"/></mxCell><mxCell id="20" value="List" style="text;spacingTop=-5;" vertex="1" parent="2"><mxGeometry x="195.00000000000009" y="321" width="30" height="20" as="geometry"/></mxCell><mxCell id="21" value="" style="whiteSpace=wrap;fillColor=#9AC7BF" vertex="1" parent="2"><mxGeometry x="456.99999999999994" y="320.00000000000006" width="163.00000000000006" height="339.99999999999994" as="geometry"/></mxCell><mxCell id="22" value="" style="whiteSpace=wrap;fillColor=#9AC7BF" vertex="1" parent="2"><mxGeometry x="262.4999999999999" y="320" width="159.99999999999994" height="229.99999999999994" as="geometry"/></mxCell><mxCell id="23" value="" style="edgeStyle=elbowEdgeStyle;elbow=horizontal;strokeColor=#FF3333" edge="1" parent="2"><mxGeometry width="100" height="100" relative="1" as="geometry"><mxPoint x="415.4999999999999" y="154.0000000000002" as="sourcePoint"/><mxPoint x="405.4999999999999" y="370.00000000000006" as="targetPoint"/><Array as="points"><mxPoint x="435.4999999999999" y="214.0000000000001"/></Array></mxGeometry></mxCell><mxCell id="24" value="" style="edgeStyle=elbowEdgeStyle;elbow=horizontal;strokeColor=#FF3333" edge="1" parent="2"><mxGeometry width="100" height="100" relative="1" as="geometry"><mxPoint x="615" y="154.00000000000009" as="sourcePoint"/><mxPoint x="605" y="369.99999999999994" as="targetPoint"/><Array as="points"><mxPoint x="634.9999999999999" y="214"/></Array></mxGeometry></mxCell><mxCell id="25" value="Files " style="rounded=1;whiteSpace=wrap;gradientColor=#0D73B8;shadow=1;fontFamily=Georgia" vertex="1" parent="2"><mxGeometry x="255.5" y="139" width="165" height="30" as="geometry"/></mxCell><mxCell id="26" value="Check Boxes" style="text;spacingTop=-5;" vertex="1" parent="2"><mxGeometry x="541" y="320" width="30" height="20" as="geometry"/></mxCell><mxCell id="27" value="List" style="text;spacingTop=-5;" vertex="1" parent="2"><mxGeometry x="378" y="321.00000000000006" width="30" height="20" as="geometry"/></mxCell><mxCell id="28" value="" style="rounded=1;whiteSpace=wrap;gradientColor=#1196F0;shadow=0;fontFamily=Georgia" vertex="1" parent="2"><mxGeometry x="280" y="350" width="130" height="190" as="geometry"/></mxCell><mxCell id="31" value="" style="rounded=1;whiteSpace=wrap;gradientColor=#0D73B8;shadow=0;fontFamily=Georgia" vertex="1" parent="2"><mxGeometry x="84.99999999999997" y="350.00000000000006" width="110" height="30" as="geometry"/></mxCell><mxCell id="32" value="" style="rounded=1;whiteSpace=wrap;gradientColor=#0D73B8;shadow=0;fontFamily=Georgia" vertex="1" parent="2"><mxGeometry x="86.00000000000028" y="394.9999999999998" width="110" height="30" as="geometry"/></mxCell><mxCell id="33" value="" style="rounded=1;whiteSpace=wrap;gradientColor=#0D73B8;shadow=0;fontFamily=Georgia" vertex="1" parent="2"><mxGeometry x="86.00000000000034" y="508" width="110" height="50" as="geometry"/></mxCell><mxCell id="34" value="Scroll View" style="text;spacingTop=-5;fontSize=10" vertex="1" parent="2"><mxGeometry x="139.00000000000003" y="507.0000000000001" width="30" height="20" as="geometry"/></mxCell><mxCell id="35" value="Volume" style="rounded=1;whiteSpace=wrap;gradientColor=#0D73B8;shadow=0;fontFamily=Georgia" vertex="1" parent="2"><mxGeometry x="480.0000000000002" y="349.99999999999994" width="110" height="30" as="geometry"/></mxCell><mxCell id="36" value="Energy" style="rounded=1;whiteSpace=wrap;gradientColor=#0D73B8;shadow=0;fontFamily=Georgia" vertex="1" parent="2"><mxGeometry x="479.9999999999999" y="395" width="110" height="30" as="geometry"/></mxCell><mxCell id="37" value="Flow Rate" style="rounded=1;whiteSpace=wrap;gradientColor=#0D73B8;shadow=0;fontFamily=Georgia" vertex="1" parent="2"><mxGeometry x="482.00000000000006" y="440" width="110" height="30" as="geometry"/></mxCell><mxCell id="38" value="Battery" style="rounded=1;whiteSpace=wrap;gradientColor=#0D73B8;shadow=0;fontFamily=Georgia" vertex="1" parent="2"><mxGeometry x="482" y="484.9999999999999" width="110" height="45.000000000000114" as="geometry"/></mxCell><mxCell id="39" value="Temperature" style="rounded=1;whiteSpace=wrap;gradientColor=#0D73B8;shadow=0;fontFamily=Georgia" vertex="1" parent="2"><mxGeometry x="482" y="542" width="110" height="48" as="geometry"/></mxCell><mxCell id="40" value="Charger" style="rounded=1;whiteSpace=wrap;gradientColor=#0D73B8;shadow=0;fontFamily=Georgia" vertex="1" parent="2"><mxGeometry x="481.99999999999983" y="602.0000000000001" width="110" height="44.999999999999886" as="geometry"/></mxCell><mxCell id="44" value="5a" style="ellipse;whiteSpace=wrap;gradientColor=#084975;shadow=0;fontColor=#FFFFFF" vertex="1" parent="2"><mxGeometry x="40.99999999999997" y="122.00000000000004" width="28.999999999999886" height="26.999999999999986" as="geometry"/></mxCell><mxCell id="45" value="5b" style="ellipse;whiteSpace=wrap;gradientColor=#084975;shadow=0;fontColor=#FFFFFF" vertex="1" parent="2"><mxGeometry x="243.99999999999997" y="122.00000000000017" width="28.999999999999886" height="26.999999999999986" as="geometry"/></mxCell><mxCell id="46" value="5c" style="ellipse;whiteSpace=wrap;gradientColor=#084975;shadow=0;fontColor=#FFFFFF" vertex="1" parent="2"><mxGeometry x="434.5" y="123.50000000000011" width="28.999999999999886" height="26.999999999999986" as="geometry"/></mxCell><mxCell id="47" value="" style="rounded=1;whiteSpace=wrap;gradientColor=#0D73B8;shadow=0;fontFamily=Georgia" vertex="1" parent="2"><mxGeometry x="86.00000000000028" y="436" width="110" height="57" as="geometry"/></mxCell><mxCell id="48" value="Accordian" style="text;spacingTop=-5;fontSize=10" vertex="1" parent="2"><mxGeometry x="140.00000000000003" y="440.0000000000001" width="30" height="20" as="geometry"/></mxCell><mxCell id="49" value="1" style="ellipse;whiteSpace=wrap;gradientColor=#084975;shadow=1;fontColor=#FFFFFF" vertex="1" parent="2"><mxGeometry x="732" y="37" width="40" height="40" as="geometry"/></mxCell><mxCell id="50" value="Folders" style="text;spacingTop=-5;" vertex="1" parent="2"><mxGeometry x="322.5" y="352.00000000000006" width="42.5" height="20" as="geometry"/></mxCell><mxCell id="51" value="" style="rounded=1;whiteSpace=wrap;gradientColor=#108EE3;shadow=0;fontFamily=Georgia" vertex="1" parent="2"><mxGeometry x="290" y="374.5" width="110" height="155.5" as="geometry"/></mxCell><mxCell id="30" value="Share" style="rounded=1;whiteSpace=wrap;gradientColor=#0D73B8;shadow=0;fontFamily=Georgia" vertex="1" parent="2"><mxGeometry x="297.49999999999994" y="443" width="95.00000000000006" height="30" as="geometry"/></mxCell><mxCell id="29" value="Delete" style="rounded=1;whiteSpace=wrap;gradientColor=#0D73B8;shadow=0;fontFamily=Georgia" vertex="1" parent="2"><mxGeometry x="296.5" y="485" width="97" height="30" as="geometry"/></mxCell><mxCell id="54" value="Files" style="text;spacingTop=-5;" vertex="1" parent="2"><mxGeometry x="330.25" y="381.00000000000006" width="42.5" height="20" as="geometry"/></mxCell><mxCell id="55" value="Data View" style="rounded=1;whiteSpace=wrap;gradientColor=#0D73B8;shadow=0;fontFamily=Georgia" vertex="1" parent="2"><mxGeometry x="297.49999999999994" y="406" width="95.00000000000006" height="30" as="geometry"/></mxCell><mxCell id="56" value="4" style="ellipse;whiteSpace=wrap;gradientColor=#084975;shadow=0;fontColor=#FFFFFF" vertex="1" parent="2"><mxGeometry x="376.0000000000001" y="396.49999999999994" width="28.999999999999886" height="26.999999999999986" as="geometry"/></mxCell></root></mxGraphModel>